,target,read,position,A_height,C_height,G_height,T_height,total_height,A_fraction,G_fraction,C_fraction,T_fraction,R_i,w_i,qc_ok
0,A,A,215.0,1294.0,378.0,162.0,38.0,1872.0,0.6912393162393162,0.08653846153846154,0.20192307692307693,0.0202991452991453,0.11126373626373626,0.7777777777777778,1.0
1,T,T,251.0,50.0,544.0,29.0,686.0,1309.0,0.03819709702062643,0.02215431627196333,0.4155844155844156,0.5240641711229946,0.3670886075949367,0.060351413292589765,0.0
2,G,G,313.0,110.0,180.0,740.0,211.0,1241.0,0.088638195004029,0.5962933118452861,0.145044319097502,0.17002417405318293,0.8705882352941177,0.684931506849315,0.0
3,C,C,341.0,230.0,932.0,23.0,155.0,1340.0,0.17164179104477612,0.017164179104477612,0.6955223880597015,0.11567164179104478,0.09090909090909091,0.18880597014925374,0.0
4,C,C,419.0,199.0,972.0,57.0,1.0,1229.0,0.16192026037428803,0.046379170056956874,0.790886899918633,0.0008136696501220504,0.22265625,0.2082994304312449,1.0
5,T,T,443.0,26.0,320.0,72.0,492.0,910.0,0.02857142857142857,0.07912087912087912,0.3516483516483517,0.5406593406593406,0.7346938775510204,0.1076923076923077,0.0
6,T,T,457.0,42.0,0.0,14.0,1027.0,1083.0,0.038781163434903045,0.012927054478301015,0.0,0.948291782086796,0.25,0.05170821791320406,1.0
7,T,T,472.0,32.0,61.0,115.0,770.0,978.0,0.032719836400818,0.11758691206543967,0.06237218813905931,0.787321063394683,0.782312925170068,0.15030674846625766,1.0
8,T,T,487.0,28.0,21.0,76.0,706.0,831.0,0.03369434416365824,0.0914560770156438,0.02527075812274368,0.8495788206979543,0.7307692307692308,0.12515042117930206,1.0
9,C,C,498.0,271.0,828.0,0.0,161.0,1260.0,0.2150793650793651,0.0,0.6571428571428571,0.12777777777777777,0.0,0.2150793650793651,0.0
10,A,A,506.0,786.0,303.0,9.0,32.0,1130.0,0.695575221238938,0.007964601769911504,0.268141592920354,0.02831858407079646,0.011320754716981133,0.7035398230088495,0.0
11,A,A,523.0,975.0,78.0,41.0,10.0,1104.0,0.8831521739130435,0.03713768115942029,0.07065217391304347,0.009057971014492754,0.040354330708661415,0.9202898550724637,1.0
12,A,,,,,,,,,,,,,,
13,C,C,536.0,67.0,868.0,48.0,47.0,1030.0,0.06504854368932039,0.04660194174757282,0.8427184466019417,0.04563106796116505,0.41739130434782606,0.11165048543689321,1.0
14,T,T,550.0,35.0,206.0,0.0,680.0,921.0,0.038002171552660155,0.0,0.22366992399565688,0.738327904451683,0.0,0.038002171552660155,0.0
15,T,T,563.0,30.0,196.0,17.0,823.0,1066.0,0.028142589118198873,0.01594746716697936,0.18386491557223264,0.7720450281425891,0.3617021276595745,0.04409005628517824,1.0
16,C,C,577.0,35.0,1079.0,107.0,30.0,1251.0,0.027977617905675458,0.08553157474020784,0.8625099920063949,0.023980815347721823,0.7535211267605634,0.1135091926458833,1.0
17,G,,,,,,,,,,,,,,
18,C,C,603.0,33.0,852.0,0.0,171.0,1056.0,0.03125,0.0,0.8068181818181818,0.16193181818181818,0.0,0.03125,1.0
19,C,C,615.0,141.0,1183.0,1.0,78.0,1403.0,0.10049893086243764,0.0007127583749109052,0.8431931575196009,0.05559515324305061,0.007042253521126761,0.10121168923734854,1.0
20,A,,,,,,,,,,,,,,
21,G,G,636.0,74.0,203.0,402.0,104.0,783.0,0.09450830140485313,0.5134099616858238,0.25925925925925924,0.13282247765006386,0.8445378151260504,0.6079182630906769,0.0
22,G,G,651.0,95.0,0.0,1276.0,274.0,1645.0,0.057750759878419454,0.7756838905775076,0.0,0.16656534954407295,0.9307075127644056,0.833434650455927,1.0
23,G,G,662.0,78.0,36.0,667.0,228.0,1009.0,0.07730426164519326,0.6610505450941526,0.035678889990089196,0.2259663032705649,0.8953020134228189,0.7383548067393458,0.0
24,G,G,677.0,112.0,76.0,795.0,196.0,1179.0,0.09499575911789652,0.6743002544529262,0.06446140797285835,0.1662425784563189,0.8765159867695701,0.7692960135708228,0.0
25,G,G,692.0,15.0,13.0,1065.0,4.0,1097.0,0.013673655423883319,0.9708295350957156,0.011850501367365542,0.0036463081130355514,0.986111111111111,0.9845031905195989,1.0
26,C,C,704.0,24.0,929.0,15.0,203.0,1171.0,0.02049530315969257,0.012809564474807857,0.7933390264731,0.17335610589239966,0.38461538461538464,0.033304867634500426,1.0
27,A,A,716.0,644.0,235.0,32.0,69.0,980.0,0.6571428571428571,0.0326530612244898,0.23979591836734693,0.07040816326530612,0.047337278106508875,0.689795918367347,0.0
28,A,A,726.0,567.0,150.0,22.0,77.0,816.0,0.6948529411764706,0.02696078431372549,0.18382352941176472,0.09436274509803921,0.037351443123938885,0.7218137254901961,0.0
29,G,G,738.0,107.0,68.0,556.0,85.0,816.0,0.13112745098039216,0.6813725490196079,0.08333333333333333,0.10416666666666667,0.8386123680241327,0.8125,0.0
30,G,G,751.0,0.0,104.0,1145.0,149.0,1398.0,0.0,0.8190271816881259,0.07439198855507868,0.10658082975679542,1.0,0.8190271816881259,1.0
31,C,C,766.0,0.0,771.0,0.0,203.0,974.0,0.0,0.0,0.7915811088295688,0.20841889117043122,,0.0,1.0
32,T,T,779.0,17.0,45.0,1.0,793.0,856.0,0.01985981308411215,0.0011682242990654205,0.052570093457943924,0.9264018691588785,0.05555555555555555,0.02102803738317757,1.0
33,G,G,792.0,1.0,112.0,607.0,14.0,734.0,0.0013623978201634877,0.8269754768392371,0.15258855585831063,0.01907356948228883,0.9983552631578948,0.8283378746594006,1.0
34,A,A,806.0,1483.0,172.0,0.0,6.0,1661.0,0.892835641180012,0.0,0.10355207706201083,0.003612281757977122,0.0,0.892835641180012,1.0
35,G,G,830.0,14.0,6.0,996.0,20.0,1036.0,0.013513513513513514,0.9613899613899614,0.005791505791505791,0.019305019305019305,0.9861386138613861,0.974903474903475,1.0
36,G,G,842.0,9.0,93.0,1203.0,31.0,1336.0,0.006736526946107785,0.9004491017964071,0.06961077844311377,0.023203592814371257,0.9925742574257426,0.907185628742515,1.0
37,G,G,854.0,15.0,141.0,946.0,7.0,1109.0,0.013525698827772768,0.8530207394048692,0.12714156898106402,0.0063119927862939585,0.9843912591050988,0.866546438232642,1.0
38,G,G,866.0,30.0,27.0,1258.0,1.0,1316.0,0.022796352583586626,0.9559270516717325,0.020516717325227963,0.0007598784194528875,0.9767080745341615,0.9787234042553191,1.0
39,G,G,879.0,0.0,28.0,1373.0,34.0,1435.0,0.0,0.956794425087108,0.01951219512195122,0.023693379790940768,1.0,0.956794425087108,1.0
40,G,,,,,,,,,,,,,,
41,T,T,889.0,34.0,48.0,4.0,1133.0,1219.0,0.02789171452009844,0.003281378178835111,0.03937653814602133,0.9294503691550451,0.10526315789473685,0.031173092698933553,1.0
42,G,G,902.0,2.0,44.0,1217.0,0.0,1263.0,0.001583531274742676,0.9635787806809184,0.03483768804433888,0.0,0.9983593109105825,0.9651623119556612,1.0
43,G,G,915.0,131.0,76.0,1295.0,8.0,1510.0,0.08675496688741721,0.8576158940397351,0.05033112582781457,0.005298013245033113,0.9081346423562412,0.9443708609271523,1.0
44,G,G,928.0,8.0,84.0,1227.0,143.0,1462.0,0.005471956224350205,0.8392612859097127,0.057455540355677154,0.09781121751025992,0.9935222672064776,0.844733242134063,1.0
45,G,G,941.0,21.0,96.0,984.0,230.0,1331.0,0.015777610818933134,0.7392937640871525,0.07212622088655146,0.1728024042073629,0.9791044776119403,0.7550713749060857,0.0
46,C,C,953.0,0.0,1260.0,0.0,93.0,1353.0,0.0,0.0,0.9312638580931264,0.06873614190687362,,0.0,1.0
47,C,C,965.0,50.0,1017.0,35.0,93.0,1195.0,0.04184100418410042,0.029288702928870293,0.8510460251046025,0.07782426778242678,0.411764705882353,0.07112970711297072,1.0
48,A,A,975.0,566.0,108.0,31.0,89.0,794.0,0.7128463476070529,0.03904282115869018,0.13602015113350127,0.11209068010075567,0.051926298157453935,0.7518891687657431,0.0
49,C,C,984.0,8.0,936.0,16.0,88.0,1048.0,0.007633587786259542,0.015267175572519083,0.8931297709923665,0.08396946564885496,0.6666666666666666,0.022900763358778626,1.0
50,C,C,997.0,72.0,607.0,39.0,124.0,842.0,0.0855106888361045,0.04631828978622328,0.7209026128266033,0.14726840855106887,0.35135135135135137,0.13182897862232779,0.0
51,A,A,1007.0,485.0,3.0,182.0,52.0,722.0,0.6717451523545707,0.2520775623268698,0.004155124653739612,0.07202216066481995,0.272863568215892,0.9238227146814404,1.0
52,C,C,1019.0,95.0,687.0,25.0,31.0,838.0,0.11336515513126491,0.029832935560859187,0.8198090692124105,0.03699284009546539,0.20833333333333331,0.1431980906921241,1.0
53,A,A,1030.0,515.0,213.0,37.0,30.0,795.0,0.6477987421383647,0.04654088050314465,0.2679245283018868,0.03773584905660377,0.06702898550724637,0.6943396226415094,0.0
54,T,T,1043.0,1.0,15.0,87.0,670.0,773.0,0.00129366106080207,0.11254851228978008,0.019404915912031046,0.8667529107373868,0.9886363636363636,0.11384217335058215,1.0
55,C,C,1056.0,211.0,970.0,0.0,0.0,1181.0,0.17866215071972905,0.0,0.821337849280271,0.0,0.0,0.17866215071972905,1.0
56,C,C,1069.0,0.0,547.0,1.0,104.0,652.0,0.0,0.0015337423312883436,0.838957055214724,0.15950920245398773,1.0,0.0015337423312883436,1.0
57,A,A,1079.0,432.0,10.0,0.0,261.0,703.0,0.6145092460881935,0.0,0.01422475106685633,0.3712660028449502,0.0,0.6145092460881935,0.0
58,C,C,1090.0,0.0,1016.0,0.0,13.0,1029.0,0.0,0.0,0.9873663751214772,0.012633624878522837,,0.0,1.0
59,C,C,1103.0,47.0,523.0,70.0,1.0,641.0,0.07332293291731669,0.10920436817472699,0.8159126365054602,0.0015600624024961,0.5982905982905983,0.18252730109204368,1.0
60,C,C,1116.0,24.0,658.0,0.0,167.0,849.0,0.028268551236749116,0.0,0.7750294464075382,0.1967020023557126,0.0,0.028268551236749116,1.0
61,A,A,1125.0,416.0,72.0,25.0,165.0,678.0,0.6135693215339233,0.03687315634218289,0.10619469026548672,0.24336283185840707,0.056689342403628114,0.6504424778761062,0.0
62,G,G,1137.0,23.0,221.0,265.0,0.0,509.0,0.04518664047151277,0.5206286836935167,0.43418467583497056,0.0,0.9201388888888888,0.5658153241650294,0.0
63,G,G,1151.0,0.0,236.0,1139.0,8.0,1383.0,0.0,0.8235719450469993,0.17064352856109907,0.005784526391901663,1.0,0.8235719450469993,1.0
64,T,T,1165.0,16.0,115.0,1.0,750.0,882.0,0.018140589569160998,0.0011337868480725624,0.13038548752834467,0.8503401360544217,0.05882352941176471,0.01927437641723356,1.0
65,C,C,1177.0,0.0,865.0,13.0,10.0,888.0,0.0,0.01463963963963964,0.9740990990990991,0.01126126126126126,1.0,0.01463963963963964,1.0
66,A,A,1187.0,733.0,105.0,0.0,12.0,850.0,0.8623529411764705,0.0,0.12352941176470589,0.01411764705882353,0.0,0.8623529411764705,1.0
67,T,T,1198.0,0.0,235.0,4.0,557.0,796.0,0.0,0.005025125628140704,0.2952261306532663,0.699748743718593,1.0,0.005025125628140704,0.0
68,G,G,1210.0,19.0,28.0,1212.0,2.0,1261.0,0.01506740681998414,0.9611419508326725,0.022204599524187154,0.0015860428231562252,0.9845653939886272,0.9762093576526566,1.0
69,G,G,1224.0,194.0,0.0,488.0,12.0,694.0,0.27953890489913547,0.7031700288184438,0.0,0.01729106628242075,0.7155425219941349,0.9827089337175793,0.0
70,T,T,1237.0,16.0,60.0,4.0,657.0,737.0,0.021709633649932156,0.005427408412483039,0.0814111261872456,0.8914518317503393,0.2,0.027137042062415198,1.0
71,G,G,1249.0,19.0,0.0,619.0,52.0,690.0,0.02753623188405797,0.8971014492753623,0.0,0.07536231884057971,0.9702194357366771,0.9246376811594202,1.0
72,A,A,1263.0,1021.0,126.0,7.0,3.0,1157.0,0.8824546240276577,0.006050129645635264,0.10890233362143474,0.0025929127052722557,0.006809338521400778,0.888504753673293,1.0
73,T,T,1272.0,41.0,31.0,0.0,619.0,691.0,0.059334298118668596,0.0,0.04486251808972504,0.8958031837916064,0.0,0.059334298118668596,1.0
74,C,C,1284.0,67.0,658.0,6.0,19.0,750.0,0.08933333333333333,0.008,0.8773333333333333,0.025333333333333333,0.08219178082191782,0.09733333333333333,1.0
75,A,A,1294.0,519.0,45.0,19.0,27.0,610.0,0.8508196721311475,0.03114754098360656,0.07377049180327869,0.04426229508196721,0.03531598513011153,0.8819672131147541,1.0
76,A,A,1306.0,487.0,11.0,24.0,90.0,612.0,0.795751633986928,0.0392156862745098,0.017973856209150325,0.14705882352941177,0.04696673189823875,0.8349673202614379,1.0
77,A,A,1318.0,634.0,48.0,0.0,71.0,753.0,0.8419654714475432,0.0,0.06374501992031872,0.09428950863213811,0.0,0.8419654714475432,1.0
78,C,C,1329.0,0.0,835.0,51.0,11.0,897.0,0.0,0.056856187290969896,0.9308807134894092,0.012263099219620958,1.0,0.056856187290969896,1.0
79,G,G,1342.0,66.0,7.0,409.0,22.0,504.0,0.13095238095238096,0.8115079365079365,0.013888888888888888,0.04365079365079365,0.8610526315789474,0.9424603174603174,1.0
80,C,C,1354.0,36.0,938.0,0.0,263.0,1237.0,0.02910266774454325,0.0,0.7582861762328214,0.21261115602263542,0.0,0.02910266774454325,0.0
81,C,C,1367.0,1.0,692.0,160.0,55.0,908.0,0.0011013215859030838,0.1762114537444934,0.762114537444934,0.0605726872246696,0.9937888198757764,0.17731277533039647,0.0
82,C,C,1378.0,227.0,569.0,0.0,53.0,849.0,0.2673733804475854,0.0,0.6702002355712603,0.0624263839811543,0.0,0.2673733804475854,0.0
83,C,C,1391.0,34.0,620.0,12.0,124.0,790.0,0.043037974683544304,0.015189873417721518,0.7848101265822784,0.1569620253164557,0.2608695652173913,0.05822784810126582,1.0
84,G,G,1402.0,1.0,242.0,340.0,50.0,633.0,0.001579778830963665,0.5371248025276462,0.382306477093207,0.07898894154818326,0.9970674486803518,0.5387045813586098,0.0
85,G,G,1416.0,39.0,51.0,423.0,58.0,571.0,0.06830122591943957,0.7408056042031523,0.0893169877408056,0.10157618213660245,0.9155844155844156,0.809106830122592,0.0
86,C,C,1430.0,16.0,837.0,2.0,2.0,857.0,0.01866977829638273,0.002333722287047841,0.9766627771295215,0.002333722287047841,0.11111111111111112,0.021003500583430573,1.0
87,A,A,1440.0,465.0,0.0,20.0,24.0,509.0,0.9135559921414538,0.03929273084479371,0.0,0.047151277013752456,0.04123711340206186,0.9528487229862476,1.0
88,G,G,1451.0,3.0,77.0,304.0,2.0,386.0,0.007772020725388601,0.7875647668393783,0.19948186528497408,0.0051813471502590676,0.990228013029316,0.7953367875647669,1.0
89,G,G,1464.0,0.0,65.0,984.0,52.0,1101.0,0.0,0.8937329700272479,0.05903723887375113,0.047229791099000905,1.0,0.8937329700272479,1.0
90,A,A,1478.0,675.0,4.0,0.0,67.0,746.0,0.9048257372654156,0.0,0.005361930294906166,0.08981233243967829,0.0,0.9048257372654156,1.0
91,A,A,1489.0,581.0,98.0,30.0,18.0,727.0,0.7991746905089409,0.04126547455295736,0.13480055020632736,0.024759284731774415,0.049099836333878884,0.8404401650618982,1.0
92,G,G,1501.0,22.0,23.0,281.0,27.0,353.0,0.06232294617563739,0.7960339943342776,0.06515580736543909,0.0764872521246459,0.9273927392739274,0.8583569405099151,1.0
93,T,T,1513.0,11.0,5.0,5.0,961.0,982.0,0.01120162932790224,0.0050916496945010185,0.0050916496945010185,0.9786150712830958,0.31250000000000006,0.016293279022403257,1.0
94,G,G,1525.0,42.0,0.0,654.0,60.0,756.0,0.05555555555555555,0.8650793650793651,0.0,0.07936507936507936,0.939655172413793,0.9206349206349206,1.0
95,A,A,1537.0,607.0,0.0,89.0,92.0,788.0,0.7703045685279187,0.11294416243654823,0.0,0.116751269035533,0.1278735632183908,0.883248730964467,1.0
96,A,A,1548.0,761.0,56.0,70.0,37.0,924.0,0.8235930735930735,0.07575757575757576,0.06060606060606061,0.04004329004329004,0.08423586040914562,0.8993506493506493,1.0
97,A,A,1560.0,578.0,94.0,6.0,72.0,750.0,0.7706666666666667,0.008,0.12533333333333332,0.096,0.010273972602739725,0.7786666666666666,1.0
98,A,A,1572.0,690.0,55.0,5.0,111.0,861.0,0.8013937282229965,0.005807200929152149,0.06387921022067364,0.1289198606271777,0.007194244604316547,0.8072009291521487,1.0
99,G,G,1584.0,5.0,25.0,386.0,123.0,539.0,0.00927643784786642,0.7161410018552876,0.04638218923933209,0.22820037105751392,0.9872122762148337,0.725417439703154,0.0
100,C,C,1594.0,39.0,927.0,40.0,17.0,1023.0,0.03812316715542522,0.039100684261974585,0.906158357771261,0.016617790811339198,0.5063291139240507,0.0772238514173998,1.0
101,T,T,1608.0,19.0,108.0,16.0,598.0,741.0,0.02564102564102564,0.021592442645074223,0.145748987854251,0.8070175438596491,0.45714285714285713,0.04723346828609987,1.0
102,G,G,1620.0,55.0,18.0,427.0,116.0,616.0,0.08928571428571429,0.6931818181818182,0.02922077922077922,0.18831168831168832,0.8858921161825726,0.7824675324675324,0.0
103,A,A,1633.0,1177.0,1.0,157.0,15.0,1350.0,0.8718518518518519,0.1162962962962963,0.0007407407407407407,0.011111111111111112,0.1176911544227886,0.9881481481481481,1.0
104,G,G,1644.0,19.0,96.0,205.0,175.0,495.0,0.03838383838383838,0.41414141414141414,0.19393939393939394,0.35353535353535354,0.9151785714285714,0.45252525252525255,0.0
105,G,G,1657.0,50.0,5.0,762.0,6.0,823.0,0.060753341433778855,0.9258809234507898,0.006075334143377886,0.007290400972053463,0.9384236453201971,0.9866342648845686,1.0
106,C,C,1669.0,2.0,741.0,13.0,135.0,891.0,0.002244668911335578,0.014590347923681257,0.8316498316498316,0.15151515151515152,0.8666666666666667,0.016835016835016835,1.0
107,C,C,1680.0,35.0,794.0,0.0,24.0,853.0,0.041031652989449004,0.0,0.9308323563892146,0.02813599062133646,0.0,0.041031652989449004,1.0
108,G,G,1693.0,40.0,11.0,337.0,7.0,395.0,0.10126582278481013,0.8531645569620253,0.027848101265822784,0.017721518987341773,0.8938992042440318,0.9544303797468354,1.0
109,A,A,1707.0,985.0,0.0,75.0,14.0,1074.0,0.9171322160148976,0.06983240223463687,0.0,0.01303538175046555,0.07075471698113207,0.9869646182495344,1.0
110,C,C,1717.0,14.0,761.0,0.0,12.0,787.0,0.017789072426937738,0.0,0.9669631512071156,0.015247776365946633,0.0,0.017789072426937738,1.0
111,C,C,1729.0,152.0,461.0,1.0,2.0,616.0,0.24675324675324675,0.0016233766233766235,0.7483766233766234,0.003246753246753247,0.006535947712418302,0.2483766233766234,0.0
112,C,C,1742.0,5.0,537.0,51.0,17.0,610.0,0.00819672131147541,0.08360655737704918,0.8803278688524591,0.027868852459016394,0.9107142857142858,0.09180327868852459,1.0
113,T,T,1755.0,2.0,125.0,0.0,505.0,632.0,0.0031645569620253164,0.0,0.19778481012658228,0.7990506329113924,0.0,0.0031645569620253164,1.0
114,C,C,1767.0,49.0,596.0,1.0,40.0,686.0,0.07142857142857142,0.0014577259475218659,0.8688046647230321,0.05830903790087463,0.020000000000000004,0.0728862973760933,1.0
115,A,A,1777.0,386.0,0.0,37.0,80.0,503.0,0.7673956262425448,0.073558648111332,0.0,0.15904572564612326,0.08747044917257683,0.8409542743538767,1.0
116,G,G,1802.0,121.0,3.0,1076.0,19.0,1219.0,0.0992616899097621,0.8826907301066448,0.002461033634126333,0.015586546349466776,0.8989139515455304,0.9819524200164069,1.0
117,G,,,,,,,,,,,,,,
118,C,C,1816.0,30.0,800.0,0.0,0.0,830.0,0.03614457831325301,0.0,0.963855421686747,0.0,0.0,0.03614457831325301,1.0
119,C,C,1827.0,11.0,511.0,2.0,53.0,577.0,0.019064124783362217,0.0034662045060658577,0.8856152512998267,0.09185441941074524,0.15384615384615385,0.022530329289428077,1.0
120,A,A,1837.0,477.0,46.0,6.0,30.0,559.0,0.853309481216458,0.01073345259391771,0.08228980322003578,0.05366726296958855,0.012422360248447204,0.8640429338103757,1.0
121,T,T,1849.0,2.0,96.0,0.0,555.0,653.0,0.0030627871362940277,0.0,0.14701378254211334,0.8499234303215927,0.0,0.0030627871362940277,1.0
122,T,T,1863.0,7.0,67.0,1.0,848.0,923.0,0.007583965330444204,0.0010834236186348862,0.07258938244853738,0.9187432286023836,0.125,0.00866738894907909,1.0
123,C,C,1875.0,0.0,678.0,51.0,87.0,816.0,0.0,0.0625,0.8308823529411765,0.10661764705882353,1.0,0.0625,1.0
124,C,C,1886.0,26.0,487.0,0.0,179.0,692.0,0.03757225433526012,0.0,0.703757225433526,0.2586705202312139,0.0,0.03757225433526012,0.0
125,C,C,1899.0,7.0,446.0,1.0,180.0,634.0,0.011041009463722398,0.0015772870662460567,0.7034700315457413,0.28391167192429023,0.12499999999999999,0.012618296529968454,0.0
126,A,A,1908.0,522.0,13.0,14.0,11.0,560.0,0.9321428571428572,0.025,0.023214285714285715,0.019642857142857142,0.026119402985074626,0.9571428571428572,1.0
127,A,A,1921.0,474.0,196.0,6.0,2.0,678.0,0.6991150442477876,0.008849557522123894,0.2890855457227139,0.0029498525073746312,0.0125,0.7079646017699115,0.0
128,G,G,1933.0,34.0,14.0,189.0,157.0,394.0,0.08629441624365482,0.4796954314720812,0.03553299492385787,0.39847715736040606,0.8475336322869955,0.565989847715736,0.0
129,A,A,1946.0,932.0,0.0,78.0,6.0,1016.0,0.9173228346456693,0.07677165354330709,0.0,0.005905511811023622,0.07722772277227723,0.9940944881889764,1.0
130,A,A,1958.0,512.0,92.0,1.0,37.0,642.0,0.7975077881619937,0.001557632398753894,0.14330218068535824,0.05763239875389408,0.0019493177387914231,0.7990654205607477,1.0
131,A,A,1970.0,529.0,61.0,0.0,139.0,729.0,0.7256515775034293,0.0,0.08367626886145405,0.1906721536351166,0.0,0.7256515775034293,0.0
132,C,C,1980.0,56.0,528.0,180.0,1.0,765.0,0.07320261437908497,0.23529411764705882,0.6901960784313725,0.00130718954248366,0.7627118644067796,0.3084967320261438,0.0
133,G,G,1993.0,8.0,5.0,263.0,163.0,439.0,0.018223234624145785,0.5990888382687927,0.011389521640091117,0.3712984054669704,0.970479704797048,0.6173120728929385,0.0
134,G,G,2006.0,43.0,20.0,575.0,140.0,778.0,0.055269922879177376,0.7390745501285347,0.02570694087403599,0.17994858611825193,0.93042071197411,0.794344473007712,0.0
135,G,G,2019.0,171.0,33.0,790.0,1.0,995.0,0.17185929648241205,0.7939698492462312,0.033165829145728645,0.0010050251256281408,0.8220603537981269,0.9658291457286432,1.0
136,G,G,2031.0,22.0,119.0,454.0,46.0,641.0,0.0343213728549142,0.7082683307332294,0.1856474258970359,0.0717628705148206,0.953781512605042,0.7425897035881436,0.0
137,C,C,2044.0,42.0,610.0,7.0,100.0,759.0,0.05533596837944664,0.00922266139657444,0.8036890645586298,0.13175230566534915,0.14285714285714285,0.06455862977602109,1.0
138,C,C,2057.0,0.0,485.0,136.0,64.0,685.0,0.0,0.19854014598540146,0.708029197080292,0.09343065693430656,1.0,0.19854014598540146,0.0
139,G,,,,,,,,,,,,,,
140,A,A,2082.0,852.0,200.0,0.0,41.0,1093.0,0.7795059469350412,0.0,0.18298261665141813,0.03751143641354071,0.0,0.7795059469350412,1.0
141,A,A,2094.0,470.0,0.0,61.0,5.0,536.0,0.8768656716417911,0.11380597014925373,0.0,0.009328358208955223,0.11487758945386063,0.9906716417910447,1.0
142,A,A,2107.0,493.0,83.0,4.0,48.0,628.0,0.785031847133758,0.006369426751592357,0.1321656050955414,0.07643312101910828,0.008048289738430584,0.7914012738853503,1.0
143,G,G,2117.0,150.0,2.0,360.0,6.0,518.0,0.28957528957528955,0.694980694980695,0.003861003861003861,0.011583011583011582,0.7058823529411765,0.9845559845559846,0.0
144,C,C,2129.0,8.0,647.0,1.0,17.0,673.0,0.01188707280832095,0.0014858841010401188,0.9613670133729569,0.02526002971768202,0.1111111111111111,0.01337295690936107,1.0
145,C,C,2141.0,14.0,421.0,86.0,4.0,525.0,0.02666666666666667,0.16380952380952382,0.8019047619047619,0.007619047619047619,0.86,0.19047619047619047,1.0
146,G,G,2154.0,169.0,35.0,227.0,17.0,448.0,0.37723214285714285,0.5066964285714286,0.078125,0.03794642857142857,0.5732323232323233,0.8839285714285714,0.0
147,G,G,2167.0,0.0,0.0,570.0,74.0,644.0,0.0,0.8850931677018633,0.0,0.11490683229813664,1.0,0.8850931677018633,1.0
148,G,G,2180.0,136.0,14.0,702.0,0.0,852.0,0.1596244131455399,0.823943661971831,0.01643192488262911,0.0,0.8377088305489261,0.9835680751173709,1.0
149,G,G,2192.0,14.0,121.0,373.0,6.0,514.0,0.027237354085603113,0.72568093385214,0.23540856031128404,0.011673151750972763,0.9638242894056848,0.7529182879377432,0.0
150,A,A,2206.0,963.0,0.0,43.0,64.0,1070.0,0.9,0.04018691588785047,0.0,0.059813084112149535,0.042743538767395624,0.9401869158878504,1.0
151,G,G,2218.0,73.0,0.0,402.0,21.0,496.0,0.14717741935483872,0.8104838709677419,0.0,0.04233870967741935,0.8463157894736841,0.9576612903225806,1.0
152,T,T,2230.0,11.0,0.0,25.0,826.0,862.0,0.012761020881670533,0.029002320185614848,0.0,0.9582366589327146,0.6944444444444444,0.04176334106728538,1.0
153,G,G,2242.0,102.0,0.0,843.0,17.0,962.0,0.10602910602910603,0.8762993762993763,0.0,0.017671517671517672,0.892063492063492,0.9823284823284824,1.0
154,T,T,2254.0,0.0,58.0,58.0,559.0,675.0,0.0,0.08592592592592592,0.08592592592592592,0.8281481481481482,1.0,0.08592592592592592,1.0
155,G,G,2266.0,2.0,41.0,648.0,166.0,857.0,0.002333722287047841,0.7561260210035006,0.047841306884480746,0.19369894982497082,0.9969230769230769,0.7584597432905484,0.0
156,G,G,2280.0,2.0,4.0,506.0,109.0,621.0,0.00322061191626409,0.8148148148148148,0.00644122383252818,0.17552334943639292,0.9960629921259843,0.8180354267310789,1.0
157,T,T,2292.0,15.0,29.0,39.0,684.0,767.0,0.01955671447196871,0.05084745762711865,0.03780964797913951,0.8917861799217731,0.7222222222222222,0.07040417209908735,1.0
158,G,G,2304.0,32.0,35.0,677.0,16.0,760.0,0.042105263157894736,0.8907894736842106,0.046052631578947366,0.021052631578947368,0.9548660084626234,0.9328947368421052,1.0
159,G,G,2317.0,5.0,8.0,535.0,113.0,661.0,0.007564296520423601,0.8093797276853253,0.012102874432677761,0.17095310136157338,0.9907407407407408,0.8169440242057489,1.0
160,C,C,2328.0,10.0,598.0,114.0,27.0,749.0,0.01335113484646195,0.15220293724966621,0.7983978638184246,0.036048064085447265,0.9193548387096775,0.16555407209612816,1.0
161,A,A,2340.0,484.0,14.0,11.0,123.0,632.0,0.7658227848101266,0.01740506329113924,0.022151898734177215,0.19462025316455697,0.022222222222222223,0.7832278481012658,1.0
162,G,G,2351.0,20.0,1.0,328.0,0.0,349.0,0.05730659025787966,0.9398280802292264,0.0028653295128939827,0.0,0.9425287356321839,0.997134670487106,1.0
163,C,C,2364.0,6.0,501.0,108.0,56.0,671.0,0.00894187779433681,0.16095380029806258,0.7466467958271237,0.08345752608047691,0.9473684210526316,0.16989567809239942,0.0
164,C,C,2377.0,36.0,342.0,1.0,173.0,552.0,0.06521739130434782,0.0018115942028985507,0.6195652173913043,0.3134057971014493,0.027027027027027032,0.06702898550724638,0.0
165,G,G,2389.0,28.0,54.0,186.0,177.0,445.0,0.06292134831460675,0.41797752808988764,0.12134831460674157,0.39775280898876403,0.869158878504673,0.48089887640449436,0.0
166,C,C,2402.0,3.0,517.0,11.0,138.0,669.0,0.004484304932735426,0.016442451420029897,0.772795216741405,0.2062780269058296,0.7857142857142858,0.02092675635276532,1.0
167,T,T,2416.0,0.0,74.0,66.0,414.0,554.0,0.0,0.11913357400722022,0.13357400722021662,0.7472924187725631,1.0,0.11913357400722022,0.0
168,G,G,2427.0,25.0,36.0,281.0,191.0,533.0,0.04690431519699812,0.5272045028142589,0.0675422138836773,0.35834896810506567,0.9183006535947713,0.574108818011257,0.0
169,C,C,2440.0,63.0,505.0,0.0,101.0,669.0,0.09417040358744394,0.0,0.7548579970104634,0.15097159940209268,0.0,0.09417040358744394,0.0
170,C,C,2451.0,38.0,407.0,16.0,0.0,461.0,0.0824295010845987,0.03470715835140998,0.8828633405639913,0.0,0.2962962962962963,0.11713665943600868,1.0
171,G,G,2463.0,33.0,35.0,192.0,48.0,308.0,0.10714285714285714,0.6233766233766234,0.11363636363636363,0.15584415584415584,0.8533333333333334,0.7305194805194806,0.0
172,C,C,2476.0,167.0,389.0,0.0,58.0,614.0,0.2719869706840391,0.0,0.6335504885993485,0.09446254071661238,0.0,0.2719869706840391,0.0
173,C,C,2489.0,81.0,388.0,2.0,4.0,475.0,0.1705263157894737,0.004210526315789474,0.8168421052631579,0.008421052631578947,0.024096385542168672,0.17473684210526316,1.0
174,G,,,,,,,,,,,,,,
175,A,A,2514.0,580.0,95.0,14.0,35.0,724.0,0.8011049723756906,0.019337016574585635,0.13121546961325967,0.04834254143646409,0.02356902356902357,0.8204419889502762,1.0
176,G,G,2524.0,36.0,163.0,167.0,0.0,366.0,0.09836065573770492,0.4562841530054645,0.4453551912568306,0.0,0.8226600985221674,0.5546448087431693,0.0
177,G,G,2538.0,0.0,46.0,359.0,0.0,405.0,0.0,0.8864197530864197,0.11358024691358025,0.0,1.0,0.8864197530864197,1.0
178,C,C,2550.0,3.0,369.0,52.0,46.0,470.0,0.006382978723404255,0.11063829787234042,0.7851063829787234,0.09787234042553192,0.9454545454545454,0.11702127659574468,1.0
179,C,C,2563.0,41.0,257.0,37.0,27.0,362.0,0.1132596685082873,0.10220994475138122,0.7099447513812155,0.07458563535911603,0.47435897435897434,0.2154696132596685,0.0
180,A,A,2573.0,224.0,140.0,24.0,0.0,388.0,0.5773195876288659,0.061855670103092786,0.36082474226804123,0.0,0.09677419354838711,0.6391752577319587,0.0
181,A,A,2584.0,291.0,3.0,60.0,38.0,392.0,0.7423469387755102,0.15306122448979592,0.007653061224489796,0.09693877551020408,0.17094017094017094,0.8954081632653061,1.0
182,A,A,2597.0,243.0,4.0,3.0,194.0,444.0,0.5472972972972973,0.006756756756756757,0.009009009009009009,0.4369369369369369,0.012195121951219513,0.5540540540540541,0.0
183,A,A,2608.0,374.0,57.0,26.0,1.0,458.0,0.8165938864628821,0.056768558951965066,0.12445414847161572,0.002183406113537118,0.065,0.8733624454148472,1.0
184,A,A,2620.0,346.0,28.0,2.0,28.0,404.0,0.8564356435643564,0.0049504950495049506,0.06930693069306931,0.06930693069306931,0.005747126436781609,0.8613861386138614,1.0
185,G,G,2633.0,96.0,39.0,166.0,4.0,305.0,0.31475409836065577,0.5442622950819672,0.12786885245901639,0.013114754098360656,0.633587786259542,0.8590163934426229,0.0
186,A,A,2644.0,406.0,31.0,87.0,41.0,565.0,0.7185840707964601,0.15398230088495576,0.05486725663716814,0.07256637168141593,0.17647058823529413,0.8725663716814159,1.0
187,A,A,2656.0,301.0,165.0,1.0,60.0,527.0,0.571157495256167,0.0018975332068311196,0.31309297912713474,0.11385199240986717,0.003311258278145695,0.573055028462998,0.0
188,A,A,2668.0,245.0,52.0,38.0,123.0,458.0,0.5349344978165939,0.08296943231441048,0.11353711790393013,0.2685589519650655,0.13427561837455831,0.6179039301310044,0.0
189,G,G,2680.0,18.0,160.0,180.0,13.0,371.0,0.04851752021563342,0.48517520215633425,0.431266846361186,0.03504043126684636,0.9090909090909092,0.5336927223719676,0.0
190,C,C,2691.0,18.0,272.0,52.0,23.0,365.0,0.049315068493150684,0.14246575342465753,0.7452054794520548,0.06301369863013699,0.7428571428571429,0.1917808219178082,0.0
191,C,C,2706.0,9.0,418.0,2.0,0.0,429.0,0.02097902097902098,0.004662004662004662,0.9743589743589743,0.0,0.18181818181818182,0.02564102564102564,1.0
192,G,,,,,,,,,,,,,,
193,T,T,2729.0,15.0,6.0,45.0,296.0,362.0,0.04143646408839779,0.12430939226519337,0.016574585635359115,0.8176795580110497,0.75,0.16574585635359115,1.0
194,G,G,2740.0,17.0,0.0,289.0,72.0,378.0,0.04497354497354497,0.7645502645502645,0.0,0.19047619047619047,0.9444444444444444,0.8095238095238095,1.0
195,A,A,2754.0,298.0,198.0,9.0,19.0,524.0,0.5687022900763359,0.01717557251908397,0.37786259541984735,0.03625954198473282,0.02931596091205212,0.5858778625954199,0.0
196,A,A,2766.0,314.0,47.0,46.0,14.0,421.0,0.7458432304038005,0.10926365795724466,0.11163895486935867,0.0332541567695962,0.12777777777777777,0.8551068883610451,1.0
197,G,G,2778.0,0.0,3.0,138.0,102.0,243.0,0.0,0.5679012345679012,0.012345679012345678,0.41975308641975306,1.0,0.5679012345679012,0.0
198,G,G,2790.0,22.0,11.0,418.0,102.0,553.0,0.039783001808318265,0.755877034358047,0.019891500904159132,0.1844484629294756,0.95,0.7956600361663653,0.0
199,A,A,2803.0,483.0,62.0,8.0,22.0,575.0,0.84,0.01391304347826087,0.10782608695652174,0.03826086956521739,0.01629327902240326,0.8539130434782609,1.0
200,G,,,,,,,,,,,,,,
201,T,T,2826.0,10.0,8.0,27.0,462.0,507.0,0.01972386587771203,0.05325443786982249,0.015779092702169626,0.9112426035502958,0.7297297297297297,0.07297830374753451,1.0
202,C,C,2838.0,0.0,313.0,142.0,30.0,485.0,0.0,0.2927835051546392,0.6453608247422681,0.061855670103092786,1.0,0.2927835051546392,0.0
203,T,T,2850.0,10.0,54.0,4.0,302.0,370.0,0.02702702702702703,0.010810810810810811,0.14594594594594595,0.8162162162162162,0.2857142857142857,0.03783783783783784,1.0
204,T,T,2863.0,86.0,21.0,17.0,314.0,438.0,0.1963470319634703,0.03881278538812785,0.04794520547945205,0.7168949771689498,0.1650485436893204,0.23515981735159816,0.0
205,C,C,2874.0,19.0,301.0,30.0,12.0,362.0,0.052486187845303865,0.08287292817679558,0.8314917127071824,0.03314917127071823,0.6122448979591837,0.13535911602209943,1.0
206,T,T,2887.0,43.0,30.0,0.0,280.0,353.0,0.12181303116147309,0.0,0.08498583569405099,0.7932011331444759,0.0,0.12181303116147309,1.0
207,A,A,2898.0,217.0,126.0,20.0,5.0,368.0,0.5896739130434783,0.05434782608695652,0.3423913043478261,0.01358695652173913,0.08438818565400844,0.6440217391304348,0.0
208,T,T,2910.0,3.0,147.0,0.0,216.0,366.0,0.00819672131147541,0.0,0.4016393442622951,0.5901639344262295,0.0,0.00819672131147541,0.0
209,C,C,2923.0,46.0,264.0,3.0,50.0,363.0,0.12672176308539945,0.008264462809917356,0.7272727272727273,0.13774104683195593,0.061224489795918366,0.1349862258953168,0.0
210,C,,,,,,,,,,,,,,
211,G,G,2946.0,1.0,26.0,196.0,0.0,223.0,0.004484304932735426,0.8789237668161435,0.11659192825112108,0.0,0.9949238578680203,0.8834080717488789,1.0
212,A,A,2959.0,317.0,158.0,21.0,2.0,498.0,0.6365461847389559,0.04216867469879518,0.3172690763052209,0.004016064257028112,0.0621301775147929,0.678714859437751,0.0
213,T,T,2971.0,20.0,3.0,10.0,325.0,358.0,0.055865921787709494,0.027932960893854747,0.008379888268156424,0.9078212290502793,0.3333333333333333,0.08379888268156424,1.0
214,C,C,2983.0,89.0,217.0,45.0,30.0,381.0,0.2335958005249344,0.11811023622047244,0.5695538057742782,0.07874015748031496,0.33582089552238803,0.35170603674540685,0.0
215,T,T,2996.0,2.0,37.0,87.0,195.0,321.0,0.006230529595015576,0.27102803738317754,0.11526479750778816,0.6074766355140186,0.9775280898876404,0.2772585669781931,0.0
216,G,G,3008.0,18.0,90.0,156.0,24.0,288.0,0.0625,0.5416666666666666,0.3125,0.08333333333333333,0.896551724137931,0.6041666666666666,0.0
217,T,T,3020.0,20.0,1.0,6.0,358.0,385.0,0.05194805194805195,0.015584415584415584,0.0025974025974025974,0.9298701298701298,0.23076923076923073,0.06753246753246753,1.0
218,G,G,3033.0,2.0,14.0,266.0,34.0,316.0,0.006329113924050633,0.8417721518987342,0.04430379746835443,0.10759493670886076,0.9925373134328358,0.8481012658227848,1.0
219,C,,,,,,,,,,,,,,
220,A,,,,,,,,,,,,,,
221,G,G,3046.0,24.0,128.0,135.0,12.0,299.0,0.0802675585284281,0.451505016722408,0.4280936454849498,0.04013377926421405,0.8490566037735849,0.5317725752508361,0.0
222,G,,,,,,,,,,,,,,
223,A,A,3058.0,202.0,0.0,6.0,80.0,288.0,0.7013888888888888,0.020833333333333332,0.0,0.2777777777777778,0.028846153846153844,0.7222222222222222,0.0
224,G,G,3080.0,45.0,32.0,213.0,168.0,458.0,0.0982532751091703,0.4650655021834061,0.06986899563318777,0.36681222707423583,0.8255813953488372,0.5633187772925764,0.0
225,A,A,3093.0,351.0,55.0,11.0,0.0,417.0,0.841726618705036,0.026378896882494004,0.13189448441247004,0.0,0.030386740331491715,0.86810551558753,1.0
226,C,C,3141.0,9.0,273.0,14.0,0.0,296.0,0.030405405405405407,0.0472972972972973,0.9222972972972973,0.0,0.608695652173913,0.0777027027027027,1.0
227,C,,,,,,,,,,,,,,
228,G,G,3153.0,0.0,0.0,186.0,7.0,193.0,0.0,0.9637305699481865,0.0,0.03626943005181347,1.0,0.9637305699481865,1.0
229,T,T,3166.0,0.0,4.0,5.0,290.0,299.0,0.0,0.016722408026755852,0.013377926421404682,0.9698996655518395,1.0,0.016722408026755852,1.0
230,A,,,,,,,,,,,,,,
231,C,,,,,,,,,,,,,,
232,T,T,3179.0,150.0,6.0,15.0,150.0,321.0,0.4672897196261682,0.04672897196261682,0.018691588785046728,0.4672897196261682,0.09090909090909091,0.514018691588785,0.0
233,C,C,3189.0,17.0,200.0,9.0,15.0,241.0,0.07053941908713693,0.03734439834024896,0.8298755186721992,0.06224066390041494,0.34615384615384615,0.1078838174273859,1.0
234,C,,,,,,,,,,,,,,
235,C,,,,,,,,,,,,,,
236,C,,,,,,,,,,,,,,
237,A,,,,,,,,,,,,,,
238,T,T,3202.0,0.0,2.0,111.0,154.0,267.0,0.0,0.4157303370786517,0.00749063670411985,0.5767790262172284,1.0,0.4157303370786517,0.0
239,C,C,3239.0,43.0,187.0,58.0,3.0,291.0,0.14776632302405499,0.19931271477663232,0.6426116838487973,0.010309278350515464,0.5742574257425743,0.3470790378006873,0.0
240,A,A,3333.0,464.0,0.0,59.0,20.0,543.0,0.85451197053407,0.10865561694290976,0.0,0.03683241252302026,0.11281070745697895,0.9631675874769797,1.0
241,A,A,3346.0,291.0,14.0,0.0,17.0,322.0,0.9037267080745341,0.0,0.043478260869565216,0.052795031055900624,0.0,0.9037267080745341,1.0
242,G,,,,,,,,,,,,,,
243,A,A,3359.0,395.0,41.0,24.0,31.0,491.0,0.8044806517311609,0.048879837067209775,0.0835030549898167,0.06313645621181263,0.05727923627684964,0.8533604887983707,1.0
244,A,A,3371.0,89.0,75.0,0.0,6.0,170.0,0.5235294117647059,0.0,0.4411764705882353,0.03529411764705882,0.0,0.5235294117647059,0.0
