,target,n_reps,rep_fraction,A,G,C,T,rep1,rep2,R_i_rep1,R_i_rep2,w_i_rep1,w_i_rep2,R_i,w_i,qc,edit_p,edit_bool,Ri_var,wi_var,valid
0,A,2,1.0,0.7391025612732658,0.0787382981634571,0.15539553421283764,0.026763606350439298,A,A,0.1064935064935064,0.0864040660736975,0.8037578288100209,0.8319238900634249,0.09644878628360196,0.8178408594367229,1.0,0.0037185875869114593,True,0.000100896404095263,0.0001983317516326271,0
1,T,2,1.0,0.28227549058125345,0.06251206206102711,0.0055222700109592,0.6496901773467602,U,U,0.1891891891891891,0.172106824925816,0.3713503649635036,0.3182247403210576,,,0.0,,False,7.295179220664151e-05,0.0007055829984125171,0
2,G,2,1.0,0.047042133372895145,0.824323121430161,0.03773335311425955,0.09090139208268425,G,G,0.9307692307692308,0.960609911054638,0.8524590163934426,0.8902714932126696,0.9456895709119344,0.8713652548030562,1.0,0.0,True,0.00022261654997397258,0.0003574458508011459,0
3,C,2,1.0,0.02755068061190505,0.1189626699830781,0.8298776053878094,0.0236090440172072,C,C,0.8197674418604651,0.8015873015873015,0.1671525753158406,0.1258741258741259,0.8106773717238833,0.14651335059498324,1.0,1.934952159166059e-06,True,8.26293750879764e-05,0.00042597759707804946,0
4,C,2,1.0,0.06228230955373801,0.0217275138574331,0.9019361644396946,0.0140540121491342,C,C,0.2658227848101266,0.25,0.0916473317865429,0.0763723150357995,0.25791139240506333,0.08400982341117119,1.0,0.20855984440985054,False,6.259012978689335e-05,5.833153418387287e-05,0
5,T,2,1.0,0.03964959557454355,0.0050788556412434,0.13117046961892365,0.8241010791652893,U,U,0.0857142857142857,0.1481481481481481,0.0495750708215297,0.0398818316100443,0.11693121693121691,0.044728451215787,1.0,0.42754796536704864,False,0.000974496794602614,2.3489721602769513e-05,0
6,T,2,1.0,0.0110717449069973,0.008857395925597849,0.0141718334809566,0.9658990256864481,U,U,0.4615384615384615,0.4210526315789474,0.0230292294065544,0.0168290522586359,0.44129554655870445,0.01992914083259515,1.0,0.36804497579264006,False,0.00040977560687767255,9.61054916639269e-06,0
7,T,2,1.0,0.0070316851835747,0.00433641151957725,0.0238202962861984,0.9648116070106494,U,U,0.3333333333333333,0.4444444444444444,0.0128893662728249,0.0098468271334792,0.38888888888888884,0.01136809670315205,1.0,0.43301984405894745,False,0.0030864197530864196,2.3142611036126158e-06,0
8,T,2,1.0,0.008838862789725,0.0,0.017770936878929,0.9733902003313459,U,U,0.0,0.0,0.013801756587202,0.003875968992248,0.0,0.008838862789725,1.0,0.5019106431570544,False,0.0,2.4630314845035683e-05,0
9,C,2,1.0,0.15177588847793944,0.0,0.7662824022927774,0.081941709229283,C,C,0.0,0.0,0.1580020387359837,0.1455497382198952,0.0,0.1455497382198952,1.0,0.5314301364626658,False,0.0,3.876494703574451e-05,0
10,A,1,0.5,0.8812121212121212,0.0206060606060606,0.069090909090909,0.029090909090909,A,,0.0228494623655914,,0.901818181818182,,0.0228494623655914,0.901818181818182,1.0,0.3720839983428379,False,0.0,0.0,0
11,A,1,0.5,0.935700575815739,0.0403071017274472,0.0,0.0239923224568138,A,,0.0412979351032448,,0.9760076775431862,,0.0412979351032448,0.9760076775431862,1.0,0.14336337492904305,False,0.0,0.0,0
12,A,0,0.0,,,,,,,,,,,,,,,False,,,0
13,C,2,1.0,0.1092833430347683,0.02592077250001985,0.8601970055789896,0.0045988788862220496,C,C,0.1739130434782608,0.2164948453608247,0.1573546180159635,0.113053613053613,0.19520394441954275,0.13520411553478826,1.0,0.16587936961038907,False,0.0004533024628914803,0.0004906447601685511,0
14,T,2,1.0,0.02755554020566925,0.0045943168964831995,0.08265625944377765,0.8851938834540697,U,U,0.1379310344827586,0.15,0.0378096479791395,0.0264900662251655,0.1439655172413793,0.0321498571021525,1.0,0.43422050677156476,False,3.6414982164090516e-05,3.203323277122528e-05,0
15,T,2,1.0,0.00425801919394495,0.02018253509636625,0.0090106167216198,0.9665488289880689,U,U,0.8518518518518519,0.7894736842105262,0.0284510010537407,0.0204301075268817,0.8206627680311891,0.024440554290311202,1.0,0.21768266476895048,False,0.0009727589495723314,1.6083683242302147e-05,0
16,C,2,1.0,0.0066096374614296495,0.0225650693153827,0.9374449789697396,0.03338031425344795,C,C,0.8421052631578947,0.6666666666666667,0.0355140186915887,0.0228353948620361,0.7543859649122807,0.0291747067768124,1.0,0.19636890755692127,False,0.0076946752847029745,4.018687555282474e-05,0
17,G,2,1.0,0.03271590754357295,0.8280079827069717,0.0928500306372549,0.0464260791122004,G,G,0.9541062801932368,0.9689737470167064,0.80859375,0.9128540305010894,0.9615400136049717,0.8607238902505447,1.0,0.0,True,5.526039243674164e-05,0.0027175515225414592,0
18,C,2,1.0,0.0116883314021443,0.05128613811121285,0.9110565205878236,0.02596900989881915,C,C,0.8392857142857144,0.7804878048780487,0.0726329442282749,0.0533159947984395,0.8098867595818815,0.0629744695133572,1.0,0.02368091661756555,True,0.0008642985376780161,9.328613381870459e-05,0
19,C,2,1.0,0.08296589176829265,0.03563166920731705,0.87359375,0.0078086890243902005,C,C,0.359375,0.2347826086956521,0.125,0.1121951219512195,0.2970788043478261,0.11859756097560975,1.0,0.09188746091275468,False,0.003880815992733937,4.099122546103517e-05,0
20,A,2,1.0,0.7041487455197133,0.0305661453242098,0.2391520039100684,0.02613310524600845,A,A,0.051056338028169,0.0325900514579759,0.7171717171717171,0.752258064516129,,,0.0,,False,8.525093492312351e-05,0.0003077629424931791,0
21,G,2,1.0,0.027599171676463252,0.9573811932652726,0.0150196350582641,0.0,G,G,0.9558573853989812,0.988155668358714,0.9865996649916248,0.9833610648918468,0.9720065268788476,0.9849803649417358,1.0,0.0,True,0.00026079477053674163,2.6221326515704274e-06,0
22,G,2,1.0,0.015008622651302251,0.9685169359354266,0.0,0.01647444141327105,G,G,0.9834221432800474,0.9860491071428572,0.9802669762042948,0.986784140969163,0.9847356252114523,0.9835255585867289,1.0,0.0,True,1.725234784127154e-06,1.0618359143109856e-05,0
23,G,2,1.0,0.0089134989524094,0.9637274269180884,0.004483188666068,0.02287588546343405,G,G,0.9879518072289156,0.9936974789915968,0.9688715953307392,0.9764102564102564,0.9908246431102562,0.9726409258704978,1.0,0.0,True,8.253186001117873e-06,1.4207852717956756e-05,0
24,G,2,1.0,0.0034952167904778,0.971554218615198,0.0087598011895036,0.01619076340482055,G,G,0.9963636363636365,0.9964664310954064,0.9691629955947136,0.9809358752166378,0.9964150337295214,0.9750494354056758,1.0,0.0,True,2.6416892199163096e-09,3.465017364807948e-05,0
25,G,2,1.0,0.00362297727741455,0.9651523732514479,0.0,0.03122464947113755,G,G,0.9974424552429668,0.995090016366612,0.9638455217748562,0.9737051792828684,0.9962662358047893,0.9687753505288623,1.0,0.0,True,1.3834921667463988e-06,2.4303211543825386e-05,0
26,C,2,1.0,0.006063318159606999,0.0429107836329501,0.9312974821901603,0.01972841601728255,C,C,0.8823529411764706,0.8620689655172413,0.0682046138415245,0.0297435897435897,0.8722109533468559,0.0489741017925571,1.0,0.04816607192915723,True,0.00010285991713605104,0.00036981259366548034,0
27,A,2,1.0,0.87895932304038,0.03043942992874105,0.0456294536817102,0.0449717933491686,A,A,0.0350877192982456,0.0319573901464713,0.8800475059382423,0.93875,0.03352255472235845,0.9093987529691212,1.0,0.23793371397416718,False,2.449740149611995e-06,0.000861495702267673,1
28,A,2,1.0,0.9143831737205232,0.05483729790958705,0.00264905776953965,0.028130470600350052,A,A,0.0648148148148148,0.048342541436464,0.9692307692307692,0.9692101740294512,0.056578678125639395,0.9692204716301103,1.0,0.050120801974614326,False,6.78339475627811e-05,1.0604057933254557e-10,1
29,G,2,1.0,0.026068726304031196,0.9532907741711896,0.006098295600749,0.01454220392403005,G,G,0.9590062111801242,0.9875156054931336,0.971049457177322,0.9876695437731196,0.9732609083366288,0.9793595004752208,1.0,0.0,True,0.00020319639102366264,6.905681961295194e-05,0
30,G,2,1.0,0.014558505327560499,0.9708681829042514,0.00161157944947325,0.0129617323187147,G,G,0.9839513004980632,0.9864937871420854,0.982599238716694,0.98825413774693,0.9852225438200743,0.985426688231812,1.0,0.0,True,1.6160595837577206e-06,7.994470760541247e-06,0
31,C,2,1.0,0.0086741363211951,0.0332639722555688,0.9402320928371348,0.01782979858610105,C,C,0.851063829787234,0.6923076923076923,0.0532879818594104,0.0305882352941176,0.7716857610474632,0.041938108576764,1.0,0.10433027196267552,False,0.006300877796855791,0.00012881962353213057,0
32,T,2,1.0,0.0,0.0060270270270269995,0.0187387387387387,0.9752342342342343,U,U,1.0,1.0,0.008,0.004054054054054,1.0,0.0060270270270269995,1.0,0.4070626683823645,False,0.0,3.8926223520819195e-06,0
33,G,2,1.0,0.0,0.9527461188499602,0.02240455419539415,0.0248493269546456,G,G,1.0,1.0,0.9368932038834952,0.9685990338164252,1.0,0.9527461188499602,1.0,0.0,True,0.0,0.0002513149129339705,0
34,A,2,1.0,0.9647765120983073,0.0174232861365007,0.0,0.01780020176519195,A,A,0.0231046931407942,0.012372634643377,0.9822695035460992,0.9821300929235168,0.017738663892085598,0.9821997982348081,1.0,0.437666267727729,False,2.8794269897996174e-05,4.85883042220177e-09,1
35,G,2,1.0,0.058367208672086696,0.9193315266485997,0.00584914182475155,0.016452122854561848,G,G,0.8995215311004785,0.9802469135802468,0.9675925925925926,0.9878048780487804,0.9398842223403627,0.9776987353206865,1.0,0.0,True,0.0016291468441262226,0.00010213412084060527,0
36,G,2,1.0,0.0090402099540725,0.9771971756178336,0.01304089730371475,0.000721717124379,G,G,0.989544436146378,0.9921146953405018,0.9831130690161528,0.9893617021276596,0.9908295657434398,0.9862373855719062,1.0,0.0,True,1.651558081244471e-06,9.761353940554811e-06,0
37,G,2,1.0,0.0050738990882485,0.9874836845132104,0.00298548130109505,0.00445693509744585,G,G,0.9939283545840925,0.9958481613285884,0.992766726943942,0.9923484402589758,0.9948882579563405,0.9925575836014588,1.0,0.0,True,9.214144840530717e-07,4.374093770498848e-08,0
38,G,2,1.0,0.0006863417982155,0.9915494166094716,0.0064130061770761495,0.00135123541523675,G,G,0.9986168741355465,1.0,0.9924502402196294,0.9920212765957448,0.9993084370677732,0.9922357584076871,1.0,0.0,True,4.782592892300946e-07,4.600244765404347e-08,0
39,G,2,1.0,0.00649650150061265,0.9905221991639235,0.0027143479206213,0.00026695141484245,G,G,0.9933920704845814,0.9935760171306208,0.9967069154774972,0.997330485851575,0.9934840438076011,0.9970187006645361,1.0,0.0,True,8.459092147284151e-09,9.721000285687764e-08,0
40,G,2,1.0,0.01178446436139235,0.9864658930998969,0.0002518891687657,0.00149775336994505,G,G,0.988407258064516,0.9879819729594392,0.9994962216624684,0.99700449326011,0.9881946155119776,0.9982503574612892,1.0,0.0,True,4.521685515004154e-08,1.5521776077799493e-06,0
41,T,2,1.0,0.005183521954643101,0.01435907136903975,0.00517831293591255,0.9752790937404046,U,U,0.8333333333333334,0.3636363636363636,0.0308823529411764,0.0082028337061894,0.5984848484848485,0.0195425933236829,1.0,0.3256367068584958,False,0.055153810835629036,0.00012859014818253632,0
42,G,2,1.0,0.0,0.9766253607534665,0.02074920167360465,0.0026254375729288,G,G,1.0,1.0,0.971411901983664,0.981838819523269,1.0,0.9766253607534665,1.0,0.0,True,0.0,2.7180152344430633e-05,0
43,G,2,1.0,0.00430458867071105,0.9846607838444381,0.00726247584955785,0.00377215163529275,G,G,0.9945235487404162,0.9967620075553156,0.9848975188781014,0.9930332261521972,0.9956427781478658,0.9889653725151493,1.0,0.0,True,1.252674466500296e-06,1.654743321244403e-05,0
44,G,2,1.0,0.00826678970275155,0.9796015616863694,0.01213164861087895,0.0,G,G,0.9898591549295774,0.9933920704845816,0.9844703272323904,0.9912663755458516,0.9916256127070795,0.987868351389121,1.0,0.0,True,3.1203730796975237e-06,1.1546568169724896e-05,0
45,G,2,1.0,0.00359024249630665,0.9753994162793211,0.00359024249630665,0.01742009872806535,G,G,0.9975232198142416,0.9951426836672738,0.9787878787878788,0.9791914387633768,0.9963329517407578,0.9789896587756277,1.0,0.0,True,1.4167380867551593e-06,4.071516345598931e-08,0
46,C,2,1.0,0.027925995675524798,0.020588337867057202,0.9318511543558624,0.01963451210155535,C,C,0.5632183908045977,0.0333333333333333,0.0716049382716049,0.0254237288135593,0.2982758620689655,0.0485143335425821,1.0,0.29252013258262366,False,0.07019454353283128,0.00053317602675197,0
47,C,2,1.0,0.00568678915135605,0.011846065456606599,0.9684284622872845,0.0140386831047527,C,C,0.5185185185185185,1.0,0.0236220472440944,0.0114436619718309,0.7592592592592593,0.01753285460796265,1.0,0.3025787131223169,False,0.05795610425240055,3.707826695992114e-05,0
48,A,2,1.0,0.8891327850496158,0.010232698817200101,0.043929624052408654,0.056704892080775296,A,A,0.009090909090909,0.0134969325153374,0.8651685393258427,0.9335624284077892,0.011293920803123199,0.8993654838668159,1.0,0.534102049819994,False,4.853260604152938e-06,0.001169431015938402,1
49,C,2,1.0,0.01404439399486165,0.0099515077955252,0.9420599645706338,0.03394413363897915,C,C,0.2571428571428571,0.7222222222222223,0.0317316409791477,0.016260162601626,0.4896825396825397,0.02399590179038685,1.0,0.32573048422619366,False,0.05407470395565637,5.984166079653036e-05,0
50,C,2,1.0,0.009635100415541002,0.0,0.9601741472320668,0.030190752352392,C,C,0.0,0.0,0.0101910828025477,0.0090791180285343,0.0,0.009635100415541002,1.0,0.5020827594978952,False,0.0,3.0911641466166806e-07,0
51,A,2,1.0,0.8769473973607038,0.019428152492668598,0.05386271994134895,0.04976173020527855,A,A,0.0258481421647819,0.0176565008025682,0.8792613636363636,0.9134897360703812,0.02175232148367505,0.8963755498533724,1.0,0.38764082132612165,False,1.6775747051782578e-05,0.00029289536987045316,1
52,C,2,1.0,0.0,0.00993637235247965,0.9616621633400158,0.0284014643075045,C,C,1.0,1.0,0.0120805369127516,0.0077922077922077,1.0,0.00993637235247965,1.0,0.34915360988626376,False,0.0,4.597441661526203e-06,0
53,A,2,1.0,0.9183111384579323,0.01284995385223925,0.04110263847990735,0.027736269209920998,A,A,0.0146842878120411,0.0129496402877697,0.9128686327077749,0.9494535519125684,0.0138169640499054,0.9311610923101716,1.0,0.4982815371037449,False,7.522505083652239e-07,0.00033461407830531824,1
54,T,2,1.0,0.00919394907284175,0.0045914293319137,0.01256543341318425,0.9736491881820601,U,U,0.3157894736842105,0.3999999999999999,0.021914648212226,0.005656108597285,0.3578947368421052,0.013785378404755499,1.0,0.4255706756503086,False,0.0017728531855955648,6.608502760265145e-05,0
55,C,2,1.0,0.0178464178464178,0.00045045045045045,0.9606558939892273,0.02104723771390435,C,C,0.0434782608695652,0.0,0.0207207207207207,0.0158730158730158,0.0217391304347826,0.01829686829686825,1.0,0.4976791467971976,False,0.0004725897920604912,5.875060572615399e-06,0
56,C,2,1.0,0.00395346102905825,0.0032895078100955,0.9677645525059047,0.024992478654941398,C,C,0.375,0.6666666666666666,0.0105540897097625,0.0039318479685452,0.5208333333333333,0.0072429688391538495,1.0,0.4422465978235751,False,0.021267361111111105,1.0963521419780183e-05,0
57,A,2,1.0,0.8990381895332391,0.01636492220650635,0.03627298444130125,0.048323903818953295,A,A,0.0219435736677116,0.0138461538461538,0.9114285714285716,0.9193776520509194,0.0178948637569327,0.9154031117397454,1.0,0.43964301543272954,False,1.6392051941639285e-05,1.579697068514625e-05,1
58,C,2,1.0,0.00366492146596855,0.01808419702959715,0.9606635324286783,0.017587349075755952,C,C,0.7083333333333334,1.0,0.025130890052356,0.0183673469387755,0.8541666666666667,0.021749118495565753,1.0,0.23485115463542205,False,0.021267361111111105,1.143637886231555e-05,0
59,C,2,1.0,0.05873590280199975,0.00132978723404255,0.910279327985118,0.0296549819788396,C,C,0.0,0.05,0.0669398907103825,0.0531914893617021,0.025,0.0600656900360423,1.0,0.4892917860665965,False,0.0006250000000000001,4.7254634911099293e-05,0
60,C,2,1.0,0.011186573025991901,0.0118169655051087,0.9676825476189375,0.0093139138499619,C,C,0.5454545454545455,0.4666666666666667,0.0274656679151061,0.0185414091470951,0.5060606060606061,0.023003538531100598,1.0,0.32709366521842576,False,0.0015518824609733726,1.991059863960532e-05,0
61,A,2,1.0,0.8519792503913025,0.0772531621472989,0.040687529083294496,0.03008005837810395,A,A,0.096947935368043,0.0699658703071672,0.9071661237785016,0.9512987012987012,0.0834569028376051,0.9292324125386013,1.0,0.005178278026212402,True,0.0001820079587373337,0.00048692109964410706,1
62,G,2,1.0,0.00106609808102345,0.9489976730827273,0.04993622883624925,0.0,G,G,1.0,0.9977777777777778,0.9406392694063926,0.9594882729211088,0.9988888888888889,0.9500637711637507,1.0,0.0,True,1.2345679012345838e-06,8.882123337444582e-05,0
63,G,2,1.0,0.0116893509581622,0.9819920368174706,0.0060197479087663,0.0002988643156007,G,G,0.9885611077664058,0.9879120879120878,0.9928272564255828,0.994535519125683,0.9882365978392469,0.993681387775633,1.0,0.0,True,1.053066928247324e-07,7.295403631384676e-07,0
64,T,2,1.0,0.0155763239875389,0.0119418483904465,0.005192107995846251,0.9672897196261683,U,U,0.5,0.0,0.047767393561786,0.0072689511941848,0.25,0.0275181723779854,1.0,0.39851983475551456,False,0.0625,0.00041003095855047893,0
65,C,2,1.0,0.0010111223458038,0.0263307128925277,0.9645445744979768,0.00811359026369165,C,C,1.0,0.925925925925926,0.0273833671399594,0.0273003033367037,0.962962962962963,0.02734183523833155,1.0,0.15232271306495893,False,0.001371742112482849,1.7248988528253822e-09,0
66,A,2,1.0,0.9368371297719124,0.022955647955647897,0.0317951730995209,0.0084120491729187,A,A,0.0274463007159904,0.0205714285714285,0.9342251950947604,0.9853603603603605,0.02400886464370945,0.9597927777275604,1.0,0.3477768662836368,False,1.1815966751018277e-05,0.0006537012816850568,1
67,T,2,1.0,0.00727802037845705,0.0242322451929438,0.01732474221557185,0.9511649922130272,U,U,0.6153846153846154,1.0,0.0378457059679767,0.0251748251748251,0.8076923076923077,0.0315102655714009,1.0,0.16120550881309414,False,0.036982248520710054,4.0137805018564524e-05,0
68,G,2,1.0,0.0073935345372878,0.9847887384561611,0.00517377871042875,0.0026439482961222,G,G,0.99346016646849,0.9916434540389972,0.9882491186839012,0.9961154273029966,0.9925518102537436,0.9921822729934489,1.0,0.0,True,8.251110128683832e-07,1.546970282271376e-05,0
69,G,2,1.0,0.0058022209986551,0.9860544762586848,0.0,0.008143302742660001,G,G,0.9940405244338498,0.9942594718714122,0.9905548996458088,0.9931584948688712,0.9941499981526309,0.9918566972573399,1.0,0.0,True,1.1984495103779194e-08,1.6946770213883579e-06,0
70,T,2,1.0,0.0054086538461538,0.0053381184543156,0.0023756319971108,0.9868775957024198,U,U,0.3076923076923077,1.0,0.015625,0.0058685446009389,0.6538461538461539,0.01074677230046945,1.0,0.39277669211455546,False,0.11982248520710058,2.3797105488467123e-05,0
71,G,2,1.0,0.0025458248472505,0.981915471674166,0.0109562187535324,0.0045824847250509,G,G,0.9948024948024948,1.0,0.979633401221996,0.9892891918208374,0.9974012474012475,0.9844612965214168,1.0,0.0,True,6.753515069523314e-06,2.330857302216831e-05,0
72,A,2,1.0,0.9747178711103145,0.024123659128392802,0.0,0.00115846976129265,A,A,0.0306603773584905,0.0176380368098159,0.9992144540455616,0.998468606431853,0.0241492070841532,0.9988415302387073,1.0,0.3398785058550583,False,4.2395338341413666e-05,1.3907216571872604e-07,1
73,T,2,1.0,0.0203644158628081,0.039876690869951645,0.0047689393811050996,0.934989953886135,U,U,0.5128205128205129,1.0,0.0836012861736334,0.0368809272918862,0.7564102564102564,0.0602411067327598,1.0,0.03839979585582798,True,0.059335963182117014,0.0005456979835098137,0
74,C,2,1.0,0.00331858407079645,0.00562262958280655,0.974007585335019,0.01705120101137795,C,C,1.0,0.4545454545454545,0.0057142857142857,0.0121681415929203,0.7272727272727273,0.008941213653603,1.0,0.40038849974410873,False,0.07438016528925621,1.0413063925546595e-05,0
75,A,2,1.0,0.9148773838266012,0.01496419173697195,0.033044651818896945,0.0371137726175297,A,A,0.018705035971223,0.0136425648021828,0.9002590673575129,0.9594240837696336,0.0161738003867029,0.9298415755635733,1.0,0.46375574785855844,False,6.40715358434081e-06,0.0008751247917616275,1
76,A,2,1.0,0.9284291577567773,0.04005656342691585,0.00918983237911285,0.02232444643719385,A,A,0.0434192672998643,0.0392953929539295,0.9697368421052632,0.9672346002621232,0.0413573301268969,0.9684857211836932,1.0,0.1447100877471601,False,4.2515849052647815e-06,1.5653035603902586e-06,1
77,A,2,1.0,0.9275796912495512,0.03255673336734495,0.0056119267615213995,0.034251648621582254,A,A,0.0354191263282172,0.0324074074074074,0.9570621468926552,0.9632107023411371,0.0339132668678123,0.9601364246168962,1.0,0.2213683616391804,False,2.2676127144909363e-06,9.45118352576417e-06,1
78,C,2,1.0,0.00714413832687615,0.012585497680202801,0.9726156311283303,0.0076547328645908,C,C,0.52,0.9090909090909092,0.0275027502750275,0.0119565217391304,0.7145454545454546,0.01972963600707895,1.0,0.2922290694991082,False,0.03784793388429753,6.042130542258532e-05,0
79,G,2,1.0,0.03218647372742195,0.9138572454844007,0.02442101122058015,0.0295352695675971,G,G,0.9615384615384616,0.9704347826086956,0.9479166666666666,0.9441707717569786,0.9659866220735787,0.9460437192118226,1.0,0.0,True,1.9786132146172717e-05,3.5079321686066527e-06,0
80,C,2,1.0,0.01299275691784115,0.0030408340573414,0.9726981418875829,0.0112682671372344,C,C,0.3181818181818182,0.0,0.0191138140747176,0.0129533678756476,0.1590909090909091,0.0160335909751826,1.0,0.4632702985426961,False,0.0253099173553719,9.487774342909003e-06,0
81,C,2,1.0,0.0323716095774919,0.00495435274847035,0.9478392831334008,0.01483475454063685,C,C,0.1470588235294117,0.1176470588235294,0.0382882882882882,0.0363636363636363,0.13235294117647053,0.03732596232596225,1.0,0.43047556196878756,False,0.0002162629757785458,9.260712577665688e-07,0
82,C,2,1.0,0.03260829581236565,0.0,0.9503959933492245,0.01699571083840965,C,C,0.0,0.0,0.0359612724757952,0.0292553191489361,0.0,0.03260829581236565,1.0,0.5070483969979316,False,0.0,1.1242452505503144e-05,0
83,C,2,1.0,0.024421670062066102,0.00484178031617245,0.970112329896418,0.0006242197253433,C,C,0.12,0.2173913043478261,0.031210986267166,0.0273159144893111,0.16869565217391305,0.029263450378238548,1.0,0.4288155734956052,False,0.002371266540642723,3.7928960386604366e-06,0
84,G,2,1.0,0.025963238352745402,0.9542728265391014,0.01976393510815305,0.0,G,G,0.9672977624784854,0.979559748427673,0.966722129783694,0.99375,0.9734287554530792,0.980236064891847,1.0,0.0,True,3.758907485451849e-05,0.00018262644210737076,0
85,G,2,1.0,0.0191596397756988,0.9508781865726952,0.0113828641747423,0.018579309476863648,G,G,0.98,0.9804941482444732,0.9641873278236914,0.9758883248730964,0.9802470741222367,0.970037826348394,1.0,0.0,True,6.104562187899796e-08,3.4228332987545955e-05,0
86,C,2,1.0,0.00682799772160435,0.0111414651411001,0.978287221629274,0.00374331550802135,C,C,0.7272727272727273,0.4166666666666667,0.0235294117647058,0.0124095139607032,0.571969696969697,0.0179694628627045,1.0,0.34577037658210164,False,0.024119031221303946,3.091303179286545e-05,0
87,A,2,1.0,0.907702307844691,0.04730957805071315,0.02133889659270995,0.02364921751188585,A,A,0.0661016949152542,0.0336538461538461,0.9350237717908082,0.975,0.04987777053455014,0.9550118858954041,1.0,0.0858934293321092,False,0.00026321572231080326,0.0003995247054583451,1
88,G,2,1.0,0.0018854738694251499,0.962842152313652,0.02935521405360915,0.0059171597633136,G,G,0.9979338842975206,0.9981549815498156,0.9546351084812624,0.974820143884892,0.9980444329236682,0.9647276261830773,1.0,0.0,True,1.2220998743102114e-08,0.00010185891356144501,0
89,G,2,1.0,0.0034499799819837,0.9858966820138124,0.0066153287959163,0.0040380092082874,G,G,0.9960886571056062,0.996936274509804,0.98840206185567,0.9902912621359224,0.9965124658077051,0.9893466619957962,1.0,0.0,True,1.79613815974758e-07,8.922694247264481e-07,0
90,A,2,1.0,0.9479695982627578,0.023688210754900248,0.0102154408823361,0.01812675010000565,A,A,0.0357941834451901,0.0129870129870129,0.970684039087948,0.9726315789473684,0.0243905982161015,0.9716578090176582,1.0,0.34059602251552645,False,0.00013004175607708772,9.482278760078291e-07,1
91,A,2,1.0,0.9419377455777742,0.040915022178077,0.0011034262816299002,0.01604380596251875,A,A,0.0480549199084668,0.0352422907488986,0.9798206278026906,0.985884907709012,0.0416486053286827,0.9828527677558514,1.0,0.13864380293338785,False,4.1040866495154355e-05,9.19387269555341e-06,1
92,G,2,1.0,0.024005058965648397,0.9421789592412887,0.0219561111370659,0.01185987065599695,G,G,0.9595375722543352,0.9907235621521336,0.9646840148698884,0.9676840215439856,0.9751305672032344,0.966184018206937,1.0,0.0,True,0.00024314149147639622,2.250010011156886e-06,0
93,T,2,1.0,0.0056796026565020495,0.00706297137833755,0.0013477088948787,0.9859097170702817,U,U,0.6923076923076923,0.4375,0.0116801437556154,0.0138050043140638,0.5649038461538461,0.0127425740348396,1.0,0.3905850615814832,False,0.016231740014792898,1.1287580982124112e-06,0
94,G,2,1.0,0.0009901446071658,0.970641061066593,0.020839089988026152,0.007529704338214951,G,G,0.9989495798319328,0.99901185770751,0.9645390070921984,0.9787234042553192,0.9989807187697214,0.9716312056737588,1.0,0.0,True,9.696334466029646e-10,5.029928072028742e-05,0
95,A,2,1.0,0.8785657255731164,0.09697503900536916,0.012869330181976151,0.0115899052395381,A,A,0.1292596944770858,0.0698689956331877,0.9703534777651084,0.9807280513918628,0.09956434505513675,0.9755407645784856,1.0,0.00046161737069738695,True,0.0008818137772916496,2.6907944484237112e-05,1
96,A,2,1.0,0.959219778068868,0.0272134769712573,0.0038647861240345,0.0097019588358402,A,A,0.0309690309690309,0.0242013552758954,0.9871794871794872,0.9856870229007634,0.02758519312246315,0.9864332550401254,1.0,0.29400614404571224,False,1.145035857186426e-05,5.568624058166742e-07,1
97,A,2,1.0,0.9516493333884964,0.0318482825315722,0.0,0.0165023840799313,A,A,0.0338785046728972,0.0308924485125858,0.981651376146789,0.9853438556933484,0.0323854765927415,0.9834976159200687,1.0,0.23366563344957625,False,2.229132848133416e-06,3.4086013004398404e-06,1
98,A,2,1.0,0.9696379304472222,0.0143828695346117,0.00053475935828875,0.015444440659877101,A,A,0.014115092290988,0.0151187904967602,0.9850267379679144,0.9830148619957536,0.014616941393874101,0.984020799981834,1.0,0.485766294693719,False,2.518525220675836e-07,1.0119112318394835e-06,1
99,G,2,1.0,0.024050376695482652,0.9345872589607864,0.01063596929949465,0.03072639504423605,G,G,0.9624183006535948,0.987460815047022,0.9607535321821036,0.9565217391304348,0.9749395578503084,0.9586376356562691,1.0,0.0,True,0.00015678188178625205,4.477018108038008e-06,0
100,C,2,1.0,0.040138055505878,0.00358860034822215,0.9521857418016696,0.00408760234423015,C,C,0.1176470588235294,0.0285714285714285,0.0525231719876416,0.0349301397205588,0.07310924369747895,0.043726655854100197,1.0,0.45908326002882605,False,0.001983616976202248,7.737869608765417e-05,0
101,T,2,1.0,0.011937098537652,0.005968549268826,0.0061137590542572,0.9759805931392649,U,U,0.3333333333333333,0.3333333333333333,0.018450184501845,0.0173611111111111,0.3333333333333333,0.01790564780647805,1.0,0.4104613999659288,False,0.0,2.965202126011583e-07,0
102,G,2,1.0,0.011886445254674,0.9669115631339438,0.01518552278085415,0.0060164688305279004,G,G,0.9846153846153846,0.9910485933503836,0.9714673913043478,0.9861286254728878,0.9878319889828842,0.9787980083886179,1.0,0.0,True,1.0346543657017132e-05,5.373794683619147e-05,0
103,A,2,1.0,0.9777561989956058,0.01347732266164465,0.0003138731952291,0.0084526051475204,A,A,0.0183428209993674,0.0088383838383838,0.992467043314501,0.99,0.013590602418875601,0.9912335216572505,1.0,0.5017109867757418,False,2.2583581436771502e-05,1.5215756789059988e-06,1
104,G,2,1.0,0.0528735632183908,0.926383319967923,0.00344827586206895,0.017294840951617152,G,G,0.8907363420427553,1.0,0.967816091954023,0.9906976744186048,0.9453681710213777,0.9792568831863139,1.0,0.0,True,0.00298463673754944,0.00013089170402086467,0
105,G,2,1.0,0.0158294086865515,0.9599358974358975,0.0078819989534275,0.01635269492412345,G,G,0.9849906191369606,0.98256320836966,0.9761904761904762,0.9753401360544216,0.9837769137533103,0.9757653061224489,1.0,0.0,True,1.4730807583016918e-06,1.8076958674632253e-07,0
106,C,2,1.0,0.016115636528505,0.0199059065591952,0.9437904530127488,0.02018800389955095,C,C,0.6808510638297872,0.2916666666666666,0.0483042137718396,0.0237388724035608,0.4862588652482269,0.0360215430877002,1.0,0.2503960587503815,False,0.03786612374880541,0.0001508639991350174,0
107,C,2,1.0,0.019225883928777547,0.03917562527424305,0.9385608877393132,0.00303760305766605,C,C,0.7037037037037037,0.627906976744186,0.0660954712362301,0.0507075471698113,0.6658053402239449,0.0584015092030207,1.0,0.06600195565751155,False,0.001436285954443918,5.9197051768467655e-05,0
108,G,2,1.0,0.008695652173913,0.9352173913043479,0.0465579710144927,0.00952898550724635,G,G,0.990272373540856,0.9912891986062718,0.9311594202898552,0.9566666666666668,0.9907807860735639,0.943913043478261,1.0,0.0,True,2.584833034145092e-07,0.00016265490443184168,0
109,A,2,1.0,0.9535031236952303,0.020172503729496,0.00365197128924825,0.022672401286025448,A,A,0.02360346184107,0.0178173719376391,0.9761904761904762,0.9711607786589762,0.02071041688935455,0.9736756274247262,1.0,0.3935924185453785,False,8.369709092646253e-06,6.324464314594184e-06,1
110,C,2,1.0,0.0166647617596261,0.022179467641979048,0.9352299857766941,0.025925784821700652,C,C,0.5,0.736842105263158,0.0544041450777202,0.0232843137254901,0.618421052631579,0.038844229401605146,1.0,0.1764334003488024,False,0.0140235457063712,0.00024211097584781087,0
111,C,2,1.0,0.041595554137525304,0.0,0.9375678417748337,0.020836604087641,C,C,0.0,0.0,0.0428380187416332,0.0403530895334174,0.0,0.041595554137525304,1.0,0.5089907308857655,False,0.0,1.5437182924609951e-06,0
112,C,2,1.0,0.01968172031033025,0.00622344135484055,0.9610283330189862,0.01306650531584295,C,C,0.2916666666666667,0.1818181818181818,0.0275545350172215,0.0242557883131201,0.23674242424242425,0.0259051616651708,1.0,0.409620230431186,False,0.0030166724058769533,2.720432454454963e-06,0
113,T,2,1.0,0.0038247704421485,0.00061199510403915,0.031248358595705947,0.9643148758581063,U,U,0.0,0.3333333333333333,0.0052015604681404,0.003671970624235,0.16666666666666666,0.0044367655461877,1.0,0.4892928122588175,False,0.027777777777777776,5.849112726446361e-07,0
114,C,2,1.0,0.00497456189937815,0.0,0.9841624269832299,0.010863011117392051,C,C,0.0,0.0,0.0022988505747126,0.0076502732240437,0.0,0.00497456189937815,1.0,0.5010753235686976,False,0.0,7.159431092943473e-06,0
115,A,2,1.0,0.9379354633630873,0.0007173601147776,0.0386107268962791,0.022736449625855852,A,A,0.0,0.0014880952380952,0.9131736526946108,0.9641319942611192,0.0007440476190476,0.938652823477865,1.0,0.6847352472153857,False,5.536068594104026e-07,0.0006491881438022333,1
116,G,2,1.0,0.0092879256965944,0.9201066391468868,0.06570347437220495,0.0049019607843137,G,G,0.9892086330935252,0.9907692307692308,0.9084967320261438,0.9502923976608189,0.989988931931378,0.9293945648434814,1.0,0.0,True,6.088662763544299e-07,0.0004367194164613897,0
117,G,2,1.0,0.0150020021523137,0.9726621117701528,0.0046098305678604,0.00772605550967285,G,G,0.984516817939135,0.9851033157135992,0.9857894736842104,0.9895387541607228,0.9848100668263671,0.9876641139224667,1.0,0.0,True,8.599490986285863e-08,3.5142760228891703e-06,0
118,C,2,1.0,0.02918558026361745,0.01374614555239775,0.9455389078989624,0.0115293662850222,C,C,0.3962264150943396,0.1875,0.054582904222451,0.0312805474095796,0.29186320754716977,0.0429317258160153,1.0,0.3183507836516173,False,0.010891679089533639,0.00013574995825859352,0
119,C,2,1.0,0.0177143571071607,0.00834890996060405,0.9579406725208823,0.0159960604113527,C,C,0.4210526315789474,0.2272727272727273,0.0250329380764163,0.0270935960591133,0.3241626794258373,0.026063267067764802,1.0,0.3744722965950146,False,0.009387662828231955,1.0615778304132144e-06,0
120,A,2,1.0,0.9396379260858576,0.01753072616125395,0.01948203553053765,0.023349312222350697,A,A,0.0175438596491228,0.0190615835777126,0.9414414414414416,0.9728958630527818,0.0183027216134177,0.9571686522471117,1.0,0.4308369228966531,False,5.758714808535147e-07,0.00024734515972598564,1
121,T,2,1.0,0.0210932311068757,0.0,0.0134461000895203,0.9654606688036038,U,U,0.0,0.0,0.0280112044817927,0.0141752577319587,0.0,0.0210932311068757,1.0,0.5045595135139258,False,0.0,4.785835561606051e-05,0
122,T,2,1.0,0.011232847650004901,0.0,0.00651732472590335,0.9822498276240919,U,U,0.0,0.0,0.009009009009009,0.0134566862910008,0.0,0.011232847650004901,1.0,0.5024281305801996,False,0.0,4.945458301186492e-06,0
123,C,2,1.0,0.0141428571428571,0.01085714285714285,0.9479285714285715,0.02707142857142855,C,C,0.5333333333333333,0.2857142857142857,0.03,0.02,0.4095238095238095,0.025,1.0,0.34775901511106877,False,0.015328798185941045,2.499999999999999e-05,0
124,C,2,1.0,0.04391527414830615,0.0,0.9186768135846317,0.037407912267062055,C,C,0.0,0.0,0.0471698113207547,0.0406607369758576,0.0,0.04391527414830615,1.0,0.5094920379778052,False,0.0,1.0592012206849405e-05,0
125,C,2,1.0,0.01173294059891995,0.00940458657689875,0.9539869556069851,0.0248755172171961,C,C,0.7692307692307692,0.1764705882352941,0.0191458026509572,0.0231292517006802,0.47285067873303166,0.021137527175818703,1.0,0.3505441311137818,False,0.08784115804344708,3.966966582934768e-06,0
126,A,2,1.0,0.9342260886340199,0.004547218732703849,0.027701289067613398,0.0335254035656625,A,A,0.0051107325383304,0.004594180704441,0.9072642967542504,0.9702823179791976,0.0048524566213857,0.9387733073667239,1.0,0.6287338290581934,False,6.670644927362554e-08,0.000992817749776976,1
127,A,2,1.0,0.9417161085486931,0.0214242597057832,0.012342127818520749,0.0245175039270027,A,A,0.0300957592339261,0.014454664914586,0.9593175853018372,0.9669631512071156,0.02227521207425605,0.9631403682544764,1.0,0.37196460078615023,False,6.116095787662329e-05,1.4613669502988988e-05,1
128,G,2,1.0,0.0183374083129584,0.9354495443431874,0.011708157368303999,0.034504889975550096,G,G,0.9612403100775194,1.0,0.9462102689486552,0.9613636363636364,0.9806201550387597,0.9537869526561458,1.0,0.0,True,0.00037557839072171063,5.740613600335342e-05,0
129,A,2,1.0,0.9589567633773903,0.018063178716932048,0.0039752650176678,0.0190047928880097,A,A,0.0253853127833182,0.0116279069767441,0.9743816254416962,0.9796582587469488,0.01850660988003115,0.9770199420943224,1.0,0.4263258251731392,False,4.7316553631689686e-05,6.960714759525327e-06,1
130,A,2,1.0,0.9492967409948542,0.029102344196683748,0.0,0.02160091480846195,A,A,0.0347043701799485,0.0247831474597273,0.978616352201258,0.9781818181818182,0.0297437588198379,0.9783990851915381,1.0,0.26735400738380255,False,2.4607665066058333e-05,4.7204953512632565e-08,1
131,A,2,1.0,0.9329586347848984,0.0285506501322834,0.007735132220731451,0.0307555828620866,A,A,0.029940119760479,0.029445073612684,0.9653179190751444,0.9577006507592192,0.0296925966865815,0.9615092849171818,1.0,0.27153657887572513,False,6.126767211166747e-08,1.4505694149199639e-05,1
132,C,2,1.0,0.02776662240502635,0.00129870129870125,0.9562327946367847,0.0147018816594876,C,C,0.0512820512820512,0.0,0.0506493506493506,0.0074812967581047,0.0256410256410256,0.02906532370372765,1.0,0.4945239495498268,False,0.0006574621959237322,0.00046587021918937754,0
133,G,2,1.0,0.03374058110329,0.950987627523334,0.0117461006542838,0.00352569071909205,G,G,0.958490566037736,0.9728813559322034,0.977859778597786,0.9915966386554622,0.9656859609849697,0.984728208626624,1.0,0.0,True,5.177370844667629e-05,4.717533106104542e-05,0
134,G,2,1.0,0.006812174244495751,0.9931878257555041,0.0,0.0,G,G,0.9932367149758454,0.9931389365351628,1.0,1.0,0.9931878257555041,1.0,1.0,0.0,True,2.390155865579905e-09,0.0,0
135,G,2,1.0,0.013944937364113601,0.9819438770984203,0.00307455803228285,0.0010366275051831,G,G,0.9837587006960556,0.9882271468144044,0.9938508839354344,0.9979267449896336,0.9859929237552301,0.995888814462534,1.0,0.0,True,4.991752678146468e-06,4.153160833284483e-06,0
136,G,2,1.0,0.01823892756646755,0.962902746508929,0.00287686996547755,0.015981455959125798,G,G,0.981198589894242,0.9816216216216216,0.9792865362485615,0.9829968119022316,0.9814101057579319,0.9811416740753967,1.0,0.0,True,4.473896059243436e-08,3.4415363565542778e-06,0
137,C,2,1.0,0.02377942903835345,0.009892242479955,0.952102165364384,0.014226163117307549,C,C,0.4210526315789473,0.0476190476190476,0.0443925233644859,0.0229508196721311,0.23433583959899745,0.0336716715183085,1.0,0.38444421019493025,False,0.03486316040728386,0.00011493666430768538,0
138,C,2,1.0,0.046463898887389846,0.00289964114636525,0.9434737250318161,0.0071627349344286,C,C,0.0425531914893617,0.081081081081081,0.0572472594397076,0.0414798206278026,0.061817136285221355,0.0493635400337551,1.0,0.46257757337022,False,0.00037109956909792813,6.2153031671792e-05,0
139,G,2,1.0,0.056977336389101046,0.9072447160682455,0.0193340972752737,0.0164438502673796,G,G,0.9315068493150684,0.95,0.948051948051948,0.9803921568627452,0.9407534246575342,0.9642220524573466,1.0,0.0,True,8.549915556389574e-05,0.0002614722764814901,0
140,A,2,1.0,0.9820301883850886,0.00411888006098715,0.0,0.01385093155392425,A,A,0.0059676044330775,0.0023904382470119,0.9848866498740554,0.987411487018096,0.0041790213400447,0.9861490684460756,1.0,0.6448099616148165,False,3.199029480682777e-06,1.593700650981792e-06,1
141,A,2,1.0,0.972324881969966,0.00467474639027675,0.0006830601092896,0.0223173115304675,A,A,0.0070028011204481,0.0025740025740025,0.9754098360655736,0.9785894206549118,0.0047884018472253,0.9769996283602427,1.0,0.6347096863868994,False,4.903564141249664e-06,2.5274395401892462e-06,1
142,A,2,1.0,0.9818373890516838,0.00721004798912805,0.0,0.01095256295918795,A,A,0.0045454545454545,0.0100286532951289,0.9880239520958084,0.9900709219858156,0.0072870539202917,0.989047437040812,1.0,0.5990382686051954,False,7.516367132107728e-06,1.0475214326490106e-06,1
143,G,2,1.0,0.029794446684608802,0.9340707902362175,0.01156940706495745,0.02456535601421615,G,G,0.947107438016529,0.9908396946564884,0.9587955625990492,0.9689349112426036,0.9689735663365087,0.9638652369208264,1.0,0.0,True,0.000478127567705818,2.5701597728886955e-05,0
144,C,2,1.0,0.022499206839758798,0.0027536248371019,0.9544195141435323,0.020327654179606802,C,C,0.0476190476190476,0.1666666666666666,0.0244470314318975,0.0260586319218241,0.1071428571428571,0.0252528316768608,1.0,0.46282162629261814,False,0.0035430839002267545,6.493140347829119e-07,0
145,C,2,1.0,0.0344967615914464,0.00072992700729925,0.9503546828415751,0.0144186285596792,C,C,0.0357142857142857,0.0,0.0408759124087591,0.0295774647887323,0.01785714285714285,0.0352266885987457,1.0,0.49768937948320935,False,0.00031887755102040787,3.191372965562234e-05,0
146,G,2,1.0,0.0226101815955927,0.9560208800924982,0.0150862068965517,0.006282731415357399,G,G,0.9775784753363228,0.9762376237623762,0.961206896551724,0.9960552268244576,0.9769080495493495,0.9786310616880908,1.0,0.0,True,4.4947073583876107e-07,0.0003036015306993802,0
147,G,2,1.0,0.003118346034729,0.9847756068898608,0.01168123823938635,0.00042480883602375,G,G,0.9971014492753624,0.9965899403239556,0.97918637653737,0.9966015293118096,0.996845694799659,0.9878939529245898,1.0,0.0,True,6.541035184230185e-08,7.582188653926795e-05,0
148,G,2,1.0,0.01202472330319165,0.9755907825048555,0.01153487651990505,0.00084961767204755,G,G,0.9861351819757366,0.9894894894894894,0.9804587935429055,0.9947722180731888,0.987812335732613,0.9876155058080471,1.0,0.0,True,2.8128447242047474e-06,5.1218530446028786e-05,0
149,G,2,1.0,0.014568729161761648,0.9728352915264794,0.00558977435842905,0.0070062049533299,G,G,0.98121387283237,0.9892183288409704,0.980169971671388,0.9946380697050938,0.9852161008366702,0.9874040206882408,1.0,0.0,True,1.6017828998404505e-05,5.233146517823081e-05,0
150,A,2,1.0,0.9783772229822161,0.0101402188782489,0.00330882352941175,0.0081737346101231,A,A,0.0164301717699775,0.0041350792556857,0.9845588235294118,0.9924760601915183,0.0102826255128316,0.9885174418604651,1.0,0.5531435586660468,False,3.779232498374856e-05,1.567065909095094e-05,1
151,G,2,1.0,0.0325848438729286,0.9455533315551292,0.0090845311929134,0.01277729337902865,G,G,0.9356357927786498,0.9970149253731344,0.9666160849772384,0.9896602658788776,0.9663253590758921,0.978138175428058,1.0,0.0,True,0.0009418494795128298,0.00013275856835686794,0
152,T,2,1.0,0.0073319954923881,0.01217501772069145,0.0034643239247388,0.9770286628621815,U,U,0.6000000000000001,0.65,0.0201816347124117,0.0188323917137476,0.625,0.019507013213079648,1.0,0.3185962417042473,False,0.0006249999999999984,4.5511416736102305e-07,0
153,G,2,1.0,0.0109893071621045,0.9712467934153637,0.0089016244898707,0.008862274932661,G,G,0.9889240506329112,0.9887005649717514,0.9790859798605732,0.9853862212943632,0.9888123078023313,0.9822361005774682,1.0,0.0,True,1.2486460186010116e-08,9.923260531010858e-06,0
154,T,2,1.0,0.0012091898428053,0.02453116694590965,0.0,0.9742596432112849,U,U,1.0,0.8750000000000001,0.0321336760925449,0.0193470374848851,0.9375,0.025740356788715002,1.0,0.1734872705935624,False,0.003906249999999993,4.0874531720724066e-05,0
155,G,2,1.0,0.0076423786309924,0.9825603044516488,0.0008280866211401,0.00896923029621855,G,G,0.9955436720142602,0.9890539483971852,0.9850746268656716,0.9953307392996108,0.9922988102057226,0.9902026830826411,1.0,0.0,True,1.0529128156505272e-05,2.6296960564400573e-05,0
156,G,2,1.0,0.0194437387679829,0.9684703757021481,0.0027862458953152,0.00929963963455365,G,G,0.9815668202764976,0.9790794979079498,0.984126984126984,0.991701244813278,0.9803231590922237,0.987914114470131,1.0,0.0,True,1.546693141269512e-06,1.4342356235985003e-05,0
157,T,2,1.0,0.0054941277289547,0.017376176479976753,0.00279924273117685,0.9743304530598915,U,U,0.8260869565217391,0.6666666666666666,0.0267131242740998,0.0190274841437632,0.7463768115942029,0.022870304208931498,1.0,0.2537507803803949,False,0.006353707204368834,1.4767266053260097e-05,0
158,G,2,1.0,0.00624492207932725,0.9775643139260994,0.0057308076206744,0.01045995637389885,G,G,0.9955908289241624,0.991747936984246,0.9750644883920896,0.992553983618764,0.9936693829542043,0.9838092360054268,1.0,0.0,True,3.6919546154685733e-06,7.647061082096686e-05,0
159,G,2,1.0,0.0129013032235659,0.9558138225231947,0.00822058595784815,0.023064288295391,G,G,0.9893276414087512,0.9840674789128396,0.9630010277492292,0.9744292237442922,0.9866975601607955,0.9687151257467608,1.0,0.0,True,6.917327370848598e-06,3.265091592539322e-05,0
160,C,2,1.0,0.02092465668992375,0.0195088878479327,0.9488905598974384,0.01067589556470495,C,C,0.6666666666666666,0.1481481481481481,0.0521436848203939,0.0287234042553191,0.4074074074074074,0.0404335445378565,1.0,0.2644758375855908,False,0.06721536351165981,0.0001371273854367051,0
161,A,2,1.0,0.9526195923679184,0.01886130493842335,0.01066458362694795,0.0178545190667102,A,A,0.0172872340425531,0.021505376344086,0.9628681177976952,0.9800936768149884,0.01939630519331955,0.9714808973063418,1.0,0.41337654244504907,False,4.448181118995319e-06,7.41799708645625e-05,1
162,G,2,1.0,0.0276310272536687,0.9161605271039233,0.01124288709194365,0.0449655585504642,G,G,0.9552572706935124,0.9859719438877756,0.9371069182389936,0.9504761904761904,0.9706146072906441,0.943791554357592,1.0,0.0,True,0.00023584778735759825,4.468436003806995e-05,0
163,C,2,1.0,0.030256013870549853,0.0011205931063166,0.9528260994841138,0.01579729353901965,C,C,0.0357142857142857,0.0357142857142857,0.0329024676850763,0.0298507462686567,0.0357142857142857,0.0313766069768665,1.0,0.4891026514406044,False,0.0,2.328250900858513e-06,0
164,C,2,1.0,0.04771340327068245,0.00215674857811735,0.9422916133607603,0.00783823479043975,C,C,0.0526315789473684,0.03125,0.0559646539027982,0.0437756497948016,0.041940789473684195,0.0498701518487999,1.0,0.4777895544027264,False,0.00011429297957063687,3.7142955286189506e-05,0
165,G,2,1.0,0.04830984716250155,0.8939822895823577,0.025380674642031004,0.0323271886131096,G,G,0.9411764705882352,0.9559633027522936,0.9216867469879518,0.9628975265017669,0.9485698866702643,0.9422921367448593,1.0,0.0,True,5.466260136200805e-05,0.000424582087034069,0
166,C,2,1.0,0.0313914027149321,0.01074660633484155,0.9453242835595778,0.012537707390648498,C,C,0.2857142857142857,0.2068965517241379,0.0514705882352941,0.0328054298642533,0.2463054187192118,0.0421380090497737,1.0,0.3491347992866678,False,0.0015530587978354249,8.709703425400864e-05,0
167,T,2,1.0,0.03605567634725885,0.0095036108091318,0.00802919708029195,0.9464115157633173,U,U,0.0833333333333333,0.3793103448275862,0.0525547445255474,0.038563829787234,0.23132183908045975,0.045559287156390696,1.0,0.34747989852599004,False,0.02190059783326728,4.893642380368875e-05,0
168,G,2,1.0,0.026815617987371303,0.9346726260672674,0.01710154791668065,0.02141020802868055,G,G,0.9666666666666668,0.9773584905660376,0.9439124487004104,0.979064039408867,0.9720125786163523,0.9614882440546386,1.0,0.0,True,2.8578774573789396e-05,0.00030890858233371374,0
169,C,2,1.0,0.040832438801260904,0.0061474887487219,0.9293725624591088,0.023647509990908297,C,C,0.1702127659574468,0.064516129032258,0.0589711417816813,0.0349887133182844,0.11736444749485239,0.046979927549982856,1.0,0.42362915524176603,False,0.0027929447643237964,0.0001437892187504874,0
170,C,2,1.0,0.0777563277563277,0.0044035632270926,0.9127362656774421,0.005103843339137449,C,C,0.0666666666666666,0.0377358490566037,0.09009009009009,0.0742296918767507,0.05220125786163515,0.08215989098342036,1.0,0.4502185791738812,False,0.00020924805189668133,6.288805787142414e-05,0
171,G,2,1.0,0.1243589743589743,0.8188422688422689,0.03309052059052055,0.02370823620823615,G,G,0.8546255506607929,0.8809523809523809,0.9171717171717172,0.9692307692307692,0.8677889658065869,0.9432012432012432,1.0,0.0,True,0.00017327549830051887,0.0006775362253217725,0
172,C,2,1.0,0.0354761026198753,0.013787846419762599,0.931721077469849,0.01901497349051285,C,C,0.4146341463414634,0.0689655172413793,0.0601173020527859,0.03841059602649,0.24179983179142134,0.04926394903963795,1.0,0.32836400028224066,False,0.02987170028598288,0.00011779527162800762,0
173,C,2,1.0,0.0620531397824286,0.0043336498480295495,0.924761638418814,0.0088515719507277,C,C,0.0444444444444444,0.0888888888888888,0.0705329153605015,0.0622406639004149,0.0666666666666666,0.0663867896304582,1.0,0.44469677527822904,False,0.0004938271604938261,1.7190358569327123e-05,0
174,G,2,1.0,0.0494470581873242,0.9185188189487346,0.02682916937053855,0.005204953493402499,G,G,0.9455587392550144,0.9521410579345088,0.9483695652173914,0.9875621890547264,0.9488498985947615,0.9679658771360589,1.0,0.0,True,1.083172979960498e-05,0.0003840154408137102,0
175,A,2,1.0,0.9865465721464466,0.00323716798277095,0.0010050251256281,0.0092112347451543,A,A,0.0020408163265306,0.0044883303411131,0.984924623115578,0.9946428571428572,0.00326457333382185,0.9897837401292175,1.0,0.6585510630711098,False,1.4975812128944366e-06,2.3611018152241417e-05,1
176,G,2,1.0,0.0412563391909423,0.9529720485906357,0.00384774147894795,0.00192387073947395,G,G,0.9278350515463918,0.9891500904159132,0.9938524590163934,0.9946043165467626,0.9584925709811525,0.9942283877815781,1.0,0.0,True,0.0009398834978927296,1.4132243649322394e-07,0
177,G,2,1.0,0.030965769220802748,0.9546850301883858,0.00674164096982885,0.0076075596209824,G,G,0.9621409921671018,0.9750283768444948,0.9858429858429858,0.9854586129753916,0.9685846845057984,0.9856507994091888,1.0,0.0,True,4.152117095577617e-05,3.6935625335644194e-08,0
178,C,2,1.0,0.03083038105936225,0.00518016071891465,0.9545839453901321,0.0094055128315907,C,C,0.1199999999999999,0.1666666666666666,0.0352112676056338,0.0368098159509202,0.14333333333333326,0.036010541778277,1.0,0.4267599116361368,False,0.0005444444444444453,6.388392030544734e-07,0
179,C,2,1.0,0.0445177464045388,0.0,0.9537669877292521,0.00171526586620925,C,C,0.0,0.0,0.0428816466552315,0.0461538461538461,0.0,0.0445177464045388,1.0,0.5096222338626388,False,0.0,2.676822389683406e-06,0
180,A,2,1.0,0.9506508319914118,0.01934603685811415,0.0232935229915906,0.006709608158883501,A,A,0.0215982721382289,0.018348623853211,0.9526748971193416,0.9873188405797102,0.01997344799571995,0.969996868849526,1.0,0.40490353569383786,False,2.640053494079943e-06,0.00030005070462130385,1
181,A,2,1.0,0.9613637259539578,0.0268054241564175,0.0,0.01183084988962465,A,A,0.0302013422818791,0.0240601503759398,0.9867549668874172,0.9895833333333334,0.02713074632890945,0.9881691501103753,1.0,0.2998225385094083,False,9.428559506393593e-06,1.999914188096187e-06,1
182,A,2,1.0,0.9616433780548906,0.026373656961531954,0.0,0.0119829649835773,A,A,0.0319361277445109,0.0214285714285714,0.9901185770750988,0.9859154929577464,0.02668234958654115,0.9880170350164226,1.0,0.30596926497279053,False,2.760218493316001e-05,4.416479024384945e-06,1
183,A,2,1.0,0.9679025385476474,0.01982901816343475,0.0,0.012268443288917751,A,A,0.0186915887850467,0.0214521452145214,0.985267034990792,0.9901960784313726,0.020071866999784048,0.9877315567110823,1.0,0.40171131947366034,False,1.9051679500785257e-06,6.073867309782508e-06,1
184,A,2,1.0,0.9749498327759198,0.0187959866220735,0.0015384615384615,0.0047157190635451,A,A,0.019163763066202,0.0186625194401244,0.9982608695652174,0.9892307692307692,0.0189131412531632,0.9937458193979933,1.0,0.4188275112447697,False,6.281129317085471e-08,2.0385678012550267e-05,1
185,G,2,1.0,0.0525783972125435,0.9421254355400697,0.00529616724738675,0.0,G,G,0.9310344827586208,0.9632352941176472,0.9942857142857144,0.9951219512195122,0.947134888438134,0.9947038327526133,1.0,0.0,True,0.00025922306304490116,1.7482305236186627e-07,0
186,A,2,1.0,0.9759114252134996,0.01398851334869925,0.00282731282015155,0.007272748617649399,A,A,0.0194884287454324,0.0087431693989071,0.992744860943168,0.9870550161812298,0.01411579907216975,0.9898999385621989,1.0,0.493505885884838,False,2.886514960602232e-05,8.09358335373899e-06,1
187,A,2,1.0,0.9692283022206494,0.0117468813589312,0.010172078209324899,0.00885273821109435,A,A,0.0095846645367412,0.014388489208633,0.9858267716535432,0.976123595505618,0.0119865768726871,0.9809751835795806,1.0,0.5265012979036375,False,5.769182869569092e-06,2.35379068394159e-05,1
188,A,2,1.0,0.9605887952919456,0.026231825525040352,0.0082477498269097,0.00493162935610425,A,A,0.0251346499102333,0.028052805280528,0.9946428571428572,0.9789983844911146,0.026593727595380652,0.9868206208169858,1.0,0.3073994948161851,False,2.1289076912949493e-06,6.118738113777986e-05,1
189,G,2,1.0,0.03626801338136895,0.921159289758106,0.018737133299022102,0.0238355635615028,G,G,0.9440715883668904,0.9803921568627452,0.9633620689655172,0.9514925373134328,0.9622318726148178,0.957427303139475,1.0,0.0,True,0.000329795923965519,3.522144540995887e-05,0
190,C,2,1.0,0.0288854094418533,0.02070259449536705,0.9403021027581309,0.0101098933046486,C,C,0.4871794871794871,0.3103448275862069,0.0600924499229583,0.0390835579514824,0.39876215738284704,0.04958800393722035,1.0,0.22506464884203392,False,0.007817624208367822,0.00011034338546728615,0
191,C,2,1.0,0.045270118698124404,0.0055203893532561,0.9492094919486194,0.0,C,C,0.125,0.0909090909090909,0.0529801324503311,0.04860088365243,0.10795454545454544,0.05079050805138055,1.0,0.4249137361426938,False,0.00029054752066115725,4.794455008479546e-06,0
192,G,2,1.0,0.057968743879989,0.9032418106093245,0.03071755904586575,0.00807188646482045,G,G,0.9470588235294118,0.9326923076923076,0.9366391184573004,0.985781990521327,0.9398755656108597,0.9612105544893137,1.0,0.0,True,5.159919432444176e-05,0.0006037554686753206,0
193,T,2,1.0,0.00241545893719805,0.01971491844238395,0.0140788475889218,0.9637907750314962,U,U,1.0,0.8235294117647058,0.0168855534709193,0.0273752012882447,0.9117647058823529,0.022130377379582,1.0,0.21591883514766486,False,0.007785467128027685,2.750817783287988e-05,0
194,G,2,1.0,0.01567074730987295,0.9660491831979852,0.00931410178713315,0.0089659677050085,G,G,0.9832689832689832,0.984799131378936,0.9773584905660376,0.9860813704496788,0.9840340573239597,0.9817199305078582,1.0,0.0,True,5.853383095980997e-07,1.902215836610798e-05,0
195,A,2,1.0,0.970555035959622,0.02134425866970125,0.0014144271570014,0.006686278213675199,A,A,0.0343698854337152,0.0085836909871244,0.995114006514658,0.9886845827439888,0.0214767882104198,0.9918992946293235,1.0,0.3801503822873902,False,0.00016623195600934756,1.0334372505711311e-05,1
196,A,2,1.0,0.9718957507195529,0.0192595025997285,0.0,0.0088447466807186,A,A,0.0178082191780821,0.0210656753407682,0.994550408719346,0.9877600979192166,0.01943694725942515,0.9911552533192813,1.0,0.41103109132081606,False,2.652755162955412e-06,1.1527080190588402e-05,1
197,G,2,1.0,0.0383253545917144,0.9415565737297364,0.0174950175669289,0.0026230541116201503,G,G,0.9337175792507204,0.9876237623762376,0.9719887955182072,0.9877750611246944,0.960670670813479,0.9798819283214508,1.0,0.0,True,0.0007264691447904489,6.23015454496403e-05,0
198,G,2,1.0,0.0160181758545401,0.9687575580875264,0.010314201087370599,0.00491006497056275,G,G,0.981981981981982,0.985494880546075,0.9871541501976284,0.9823973176865046,0.9837384312640285,0.9847757339420665,1.0,0.0,True,3.0851140804016323e-06,5.656863884721086e-06,0
199,A,2,1.0,0.961358743089904,0.0210293860925225,0.00260808844922895,0.01500378236834445,A,A,0.031322505800464,0.0114345114345114,0.9851428571428572,0.979633401221996,0.0213785086174877,0.9823881291824266,1.0,0.3827211273065808,False,9.88830799750406e-05,7.588526135978027e-06,1
200,G,2,1.0,0.0438079754514871,0.9029109131089621,0.01202792674858885,0.041253184690961744,G,G,0.925595238095238,0.9815303430079156,0.9411764705882352,0.9522613065326632,0.9535627905515769,0.9467188885604492,1.0,0.0,True,0.0007821839903980628,3.071839697872072e-05,0
201,T,2,1.0,0.0092649925818752,0.0037197910663707002,0.0229042264919013,0.9641109898598527,U,U,0.3,0.2727272727272727,0.013089005235602,0.0128805620608899,0.2863636363636364,0.01298478364824595,1.0,0.444318771663871,False,0.00018595041322314062,1.0862139271014742e-08,0
202,C,2,1.0,0.0170909670445411,0.0,0.9554415310845644,0.0274675018708944,C,C,0.0,0.0,0.0160550458715596,0.0181268882175226,0.0,0.0170909670445411,1.0,0.5036944116120454,False,0.0,1.0731326766313691e-06,0
203,T,2,1.0,0.0332062404564193,0.0088118416284407,0.0325589030573528,0.9254230148577871,U,U,0.2380952380952381,0.1851851851851851,0.0389610389610389,0.0450751252086811,0.2116402116402116,0.04201808208486,1.0,0.3710982910723428,False,0.0006998684247361525,9.345512660901879e-06,0
204,T,2,1.0,0.00804176493417315,0.00265228975729165,0.025616099949249148,0.9636898453592859,U,U,0.2,0.2727272727272727,0.0072674418604651,0.0141206675224646,0.23636363636363636,0.010694054691464849,1.0,0.4624841857569957,False,0.0013223140495867757,1.174167549357212e-05,0
205,C,2,1.0,0.0155250589126409,0.0,0.9611991878471637,0.0232757532401952,C,C,0.0,0.0,0.016826923076923,0.0142231947483588,0.0,0.0155250589126409,1.0,0.5033559307156813,False,0.0,1.6948503022419304e-06,0
206,T,2,1.0,0.02122929676893835,0.023944474613087102,0.0430610236220472,0.9117652049959273,U,U,0.7,0.375,0.043103448275862,0.0472440944881889,0.5375,0.045173771382025454,1.0,0.17467531319831908,False,0.026406249999999992,4.286237763914269e-06,0
207,A,2,1.0,0.9350417027482796,0.02006264274392435,0.01696722017126735,0.027928434336528748,A,A,0.0252707581227436,0.0169230769230769,0.9342327150084316,0.975975975975976,0.02109691752291025,0.9551043454922038,1.0,0.38996167505230983,False,1.742094535281723e-05,0.00043562495905112743,1
208,T,2,1.0,0.0347422417542859,0.0027223230490018,0.0218760780549264,0.9406593571417858,U,U,0.088235294117647,0.0,0.0617059891107078,0.0132231404958677,0.0441176470588235,0.03746456480328775,1.0,0.48202522043689255,False,0.0019463667820069177,0.0005876466524523756,0
209,C,2,1.0,0.01871500933084505,0.0015595841109037,0.9467741935483871,0.032951213009864005,C,C,0.0769230769230769,0.0769230769230769,0.0214876033057851,0.0190615835777126,0.0769230769230769,0.02027459344174885,1.0,0.47978349570556234,False,0.0,1.4713929302492413e-06,0
210,C,2,1.0,0.0339373022720736,0.0026189417906415,0.9395290262417095,0.0239147296955752,C,C,0.0999999999999999,0.0434782608695652,0.0364298724954462,0.036682615629984,0.07173913043478256,0.0365562440627151,1.0,0.4665622306122098,False,0.000798676748582228,1.5969773013997776e-08,0
211,G,2,1.0,0.0383210966179801,0.8986305293030279,0.04368767736728365,0.01936069671170815,G,G,0.955223880597015,0.9626865671641792,0.9005376344086021,0.973365617433414,0.9589552238805972,0.936951625921008,1.0,0.0,True,1.392292269993325e-05,0.0013259787778655712,0
212,A,2,1.0,0.9570054223233414,0.02194337454453055,0.00635838150289015,0.01469282162923775,A,A,0.029585798816568,0.015274949083503,0.976878612716763,0.981018981018981,0.0224303739500355,0.9789487968678721,1.0,0.3676726960736173,False,5.120010502059164e-05,4.285662419502846e-06,1
213,T,2,1.0,0.039037825612674354,0.0229677942579086,0.016031480413266047,0.9219628997161509,U,U,0.3061224489795918,0.5217391304347826,0.0870337477797513,0.0369774919614147,0.4139307897071872,0.062005619870583,1.0,0.1631700740971731,False,0.011622638330437307,0.0006264071866376892,0
214,C,2,1.0,0.0277753374331123,0.0013157894736842,0.9478925405319064,0.023016332561296947,C,C,0.0,0.0999999999999999,0.0318664643399089,0.0263157894736842,0.04999999999999995,0.02909112690679655,1.0,0.48334267705038125,False,0.002499999999999995,7.702497867634643e-06,0
215,T,2,1.0,0.0254179326883898,0.00866424521822135,0.03101462182330405,0.9349032002700846,U,U,0.3157894736842105,0.1904761904761904,0.0346715328467153,0.0334928229665071,0.25313283208020043,0.0340821779066112,1.0,0.3734425700249362,False,0.003925854737093363,3.4733924542510614e-07,0
216,G,2,1.0,0.02190113908620905,0.9505506283888865,0.013959060148795749,0.0135891723761086,G,G,0.9741100323624596,0.9807692307692308,0.9611197511664076,0.9837837837837838,0.9774396315658452,0.9724517674750957,1.0,0.0,True,1.1086230855186039e-05,0.00012841459362037376,0
217,T,2,1.0,0.0049289657298175,0.040761341665032,0.01303836130803925,0.9412713312971109,U,U,0.935483870967742,0.8260869565217391,0.0551601423487544,0.0362204724409448,0.8807854137447406,0.0456903073948496,1.0,0.058569498498436845,False,0.0029919212225765174,8.967777405419717e-05,0
218,G,2,1.0,0.02294756037662885,0.9344112821477464,0.01820442883865775,0.024436728636966852,G,G,0.9813780260707636,0.9709035222052068,0.93717277486911,0.9775449101796408,0.9761407741379853,0.9573588425243754,1.0,0.0,True,2.742880780739117e-05,0.00040747732738295305,0
219,C,2,1.0,0.0217042935820373,0.028705232975790602,0.9396239969055264,0.00996647653664555,C,C,0.696969696969697,0.375,0.0608856088560885,0.0399334442595673,0.5359848484848485,0.0504095265578279,1.0,0.14886906072727857,False,0.02591612144168963,0.00010974830031992913,0
220,A,2,1.0,0.927005782612957,0.0384200725276879,0.02570812506125645,0.00886601979809855,A,A,0.0554323725055432,0.0246679316888045,0.9494736842105264,0.9813780260707636,0.04005015209717385,0.9654258551406449,1.0,0.15717530974912775,False,0.0002366127046916545,0.0002544717573837221,1
221,G,2,1.0,0.06485120718697356,0.8905928317424667,0.0393037619314991,0.00525219913906045,G,G,0.9042145593869731,0.959866220735786,0.9525547445255474,0.9583333333333334,0.9320403900613796,0.9554440389294404,1.0,0.0,True,0.0007742768527207371,8.348022152367182e-06,0
222,G,2,1.0,0.01749999999999995,0.9680555555555557,0.012037037037037,0.0024074074074073998,G,G,0.9785067873303168,0.9859550561797752,0.9822222222222222,0.9888888888888888,0.982230921755046,0.9855555555555555,1.0,0.0,True,1.3869177213452987e-05,1.1111111111110885e-05,0
223,A,2,1.0,0.9492733627667402,0.0388947421232189,0.0,0.01183189511004075,A,A,0.057544757033248,0.0212053571428571,0.9873737373737372,0.9889624724061812,0.03937505708805255,0.9881681048899592,1.0,0.15782148766983028,False,0.0003301379960984355,6.310197508286651e-07,1
224,G,2,1.0,0.07199323749976386,0.8927728139934642,0.00149700598802395,0.03373694251874795,G,G,0.8729641693811074,0.9781931464174456,0.9684542586750788,0.9610778443113772,0.9255786578992765,0.964766051493228,1.0,0.0,True,0.0027682844020285456,1.3602872216255902e-05,0
225,A,2,1.0,0.9460795454545454,0.0240782828282828,0.0075126262626262,0.0223295454545454,A,A,0.0321469575200918,0.0175267770204479,0.9677777777777776,0.9725378787878788,0.02483686727026985,0.9701578282828283,1.0,0.33457082826037765,False,5.3437419460541933e-05,5.664640406591518e-06,1
226,C,2,1.0,0.0488411531938948,0.013708309779536399,0.9130016958733748,0.02444884115319385,C,C,0.21875,0.2222222222222222,0.1103448275862069,0.0147540983606557,0.2204861111111111,0.0625494629734313,1.0,0.3044784249609209,False,3.0140817901234354e-06,0.002284396878468162,0
227,C,2,1.0,0.044750111226457,0.009813139552128099,0.9210099362301647,0.02442681299125015,C,C,0.2647058823529412,0.0689655172413793,0.0618181818181818,0.0473083197389885,0.16683569979716023,0.05456325077858515,1.0,0.37052275553559455,False,0.009578572633501889,5.263402438930295e-05,0
228,G,2,1.0,0.0376040647555055,0.8857802779982649,0.05796476104332415,0.01865089620290545,G,G,0.9566326530612244,0.961783439490446,0.8990825688073395,0.9476861167002012,0.9592080462758352,0.9233843427537703,1.0,0.0,True,6.632650209863404e-06,0.0005905762169434252,0
229,T,2,1.0,0.024212810063670452,0.0223731901552169,0.03488518067867965,0.9185288191024328,U,U,0.59375,0.2631578947368421,0.0611854684512428,0.0319865319865319,0.428453947368421,0.046586000218887355,1.0,0.22237763080549378,False,0.02732278501558172,0.0002131444726675559,0
230,A,2,1.0,0.9376091296884324,0.0068922074955978995,0.01994724937929605,0.0355514134366734,A,A,0.0093167701863354,0.0053191489361702,0.934687953555878,0.9543147208121828,0.0073179595612528,0.9445013371840304,1.0,0.5942167153473442,False,3.995243914943096e-06,9.63024982332901e-05,1
231,C,2,1.0,0.0553005251896518,0.0051546391752577,0.9137035596187512,0.02584127601633915,C,C,0.1136363636363636,0.0,0.090721649484536,0.030188679245283,0.0568181818181818,0.0604551643649095,1.0,0.45894280118994657,False,0.0032283057851239653,0.0009160601214965723,0
232,T,2,1.0,0.0220311401692777,0.0,0.0414118995118099,0.9365569603189123,U,U,0.0,0.0,0.0268456375838926,0.0172166427546628,0.0,0.0220311401692777,1.0,0.504762242541898,False,0.0,2.3179385355333563e-05,0
233,C,2,1.0,0.0188265691707989,0.00477397178542065,0.9445917636763808,0.0318076953673994,C,C,0.3125,0.0952380952380952,0.0232558139534883,0.0239452679589509,0.20386904761904762,0.0236005409562196,1.0,0.4295549996589457,False,0.011800683815192748,1.1883670641210629e-07,0
234,C,2,1.0,0.062218084005793456,0.00279329608938545,0.9043606455617629,0.030627974343058098,C,C,0.0,0.0789473684210526,0.0592592592592592,0.0707635009310986,0.0394736842105263,0.0650113800951789,1.0,0.47358124310712224,False,0.0015581717451523534,3.3086894111021523e-05,0
235,C,2,1.0,0.050310476842629445,0.024705864043824702,0.8983246700697212,0.026658989043824702,C,C,0.3658536585365853,0.2857142857142857,0.0816733067729083,0.068359375,0.32578397212543553,0.07501634088645415,1.0,0.17723929361584556,False,0.001605579769087883,4.4315194813414246e-05,0
236,C,2,1.0,0.0911780959235079,0.01265871587929875,0.8720409448414126,0.024122243355780552,C,C,0.1142857142857142,0.1276595744680851,0.0892857142857142,0.1183879093198992,0.12097264437689964,0.10383681180280671,1.0,0.329769644350397,False,4.4715034044401434e-05,0.0002117344389519355,0
237,A,2,1.0,0.89293815758024,0.0319065937287195,0.0485814531367676,0.02657379555427275,A,A,0.0392156862745098,0.0301724137931034,0.8850325379609545,0.9646569646569648,0.0346940500338066,0.9248447513089597,1.0,0.22126562188054777,False,2.044519429324058e-05,0.0015850123316670807,1
238,T,2,1.0,0.1418332704639758,0.024651075066012752,0.011550358355337551,0.8219652961146737,U,U,0.1744186046511628,0.1176470588235294,0.1784232365145228,0.1545454545454545,0.1460328317373461,0.16648434552998864,1.0,0.1917801194983756,False,0.0008057521039147699,0.00014253711794059062,0
239,C,2,1.0,0.04974695192086495,0.022966030212407,0.903017406640595,0.02426961122613295,C,C,0.3877551020408163,0.2105263157894736,0.0864197530864197,0.0590062111801242,0.29914070891514494,0.07271298213327196,1.0,0.205856013811881,False,0.007852510669031032,0.00018787556996205493,0
240,A,2,1.0,0.8935945776101983,0.05659544543196575,0.03402459825837145,0.015785378699464298,A,A,0.056701030927835,0.0622317596566523,0.91725768321513,0.9831223628691984,0.05946639529224365,0.9501900230421643,1.0,0.04272236009069941,True,7.647240067941248e-06,0.0010845390064832627,1
241,A,2,1.0,0.9380437415474052,0.04163470660664895,0.0023364485981308,0.0179851032478149,A,A,0.0454545454545454,0.0395604395604395,0.9766355140186916,0.9827213822894167,0.04250749250749245,0.9796784481540541,1.0,0.13216760075959488,False,8.685121072733469e-06,9.259448152154639e-06,1
242,G,2,1.0,0.07572074747567045,0.9203499794398502,0.00196463654223965,0.00196463654223965,G,G,0.8976744186046511,0.9504950495049506,1.0,0.9921414538310412,0.9240847340548008,0.9960707269155207,1.0,0.0,True,0.0006975047621764166,1.5439186972414092e-05,0
243,,1,0.5,0.9815668202764976,0.0110599078341013,0.0,0.0073732718894009,,A,,0.011142061281337,,0.992626728110599,0.011142061281337,0.992626728110599,1.0,0.539995481045174,False,0.0,0.0,0
244,,1,0.5,0.9727954971857412,0.0196998123827392,0.0,0.0075046904315197,,A,,0.0198487712665406,,0.9924953095684804,0.0198487712665406,0.9924953095684804,1.0,0.4046368236965746,False,0.0,0.0,0
