,target,n_reps,rep_fraction,A,G,C,T,rep1,rep2,rep3,R_i_rep1,R_i_rep2,R_i_rep3,w_i_rep1,w_i_rep2,w_i_rep3,R_i,w_i,qc,edit_p,edit_bool,Ri_var,wi_var,valid
0,A,2,0.6666666666666666,0.6247014729023411,0.2106892940087129,0.008516244427915749,0.15609298866103,A,,A,0.2514851485148515,,0.2529789184234647,0.8662092624356775,,0.8045722713864307,0.2522320334691581,0.8353907669110541,1.0,1.6653345369377348e-15,True,5.578371349695857e-07,0.0009497796664012326,0
1,T,3,1.0,0.2560027298395618,0.07441906326322177,0.13949532203509935,0.530082884862117,U,U,U,0.2051282051282051,0.6666666666666666,0.1761006289308176,0.4020618556701031,0.0754716981132075,0.5137318255250404,,,0.0,,False,0.05050170989322617,0.03457813916216406,0
2,G,3,1.0,0.023445429736094703,0.754487466249503,0.06107679591658997,0.1609903080978121,G,G,G,0.9736842105263158,0.987987987987988,0.947945205479452,0.7880184331797235,0.7708333333333334,0.7749469214437368,0.9736842105263158,0.7880184331797235,1.0,0.0,True,0.0002745020957223819,5.367929810405454e-05,0
3,C,3,1.0,0.118268158397474,0.08752582604991227,0.747980515974036,0.0462254995785776,C,C,C,0.7692307692307692,0.0482954545454545,0.7473684210526316,0.1462167689161554,0.2889983579638752,0.1821668264621284,0.7582995951417004,0.16419179768914188,1.0,6.645371356528429e-07,True,0.11210318919215784,0.003676884992395492,0
4,C,3,1.0,0.027102807920642468,0.0759429616424306,0.8769599065593313,0.019994323877595466,C,C,C,0.3829787234042553,0.9385474860335196,0.5205479452054795,0.055359246171967,0.1782868525896414,0.0754912099276111,0.6140247182144182,0.10304576956307317,1.0,0.007209678453924617,True,0.05581172854765095,0.0028981596149485612,0
5,T,3,1.0,0.013495807127882535,0.017941374663072735,0.2029892932015573,0.7655735250074872,U,U,U,0.4736842105263158,0.1764705882352941,0.84375,0.0282738095238095,0.022911051212938,0.0431266846361186,0.32507739938080493,0.025592430368373748,1.0,0.3763140970855694,False,0.07450515990879814,7.311543450034322e-05,0
6,T,3,1.0,0.017514362843121134,0.01599072755290677,0.026843722331080566,0.9396511872728914,U,U,U,0.5970149253731343,0.5909090909090908,0.0,0.0614678899082568,0.0190806591500433,0.0199667221297836,0.39597467209407505,0.0335050903960279,1.0,0.3062278431196902,False,0.07840418400575551,0.0003910899295478988,0
7,T,3,1.0,0.024617460131880667,0.0159679033204394,0.018128279082060633,0.9412863574656192,U,U,U,0.6071428571428571,0.0333333333333333,0.2962962962962963,0.064,0.0306748466257668,0.0270812437311935,0.3122574955908289,0.040585363452320104,1.0,0.3158845088107196,False,0.055003608210545306,0.0002762749326239546,0
8,T,3,1.0,0.0207949153260049,0.0319368821702083,0.023695020424348335,0.9235731820794383,U,U,U,0.9344262295081968,0.4571428571428571,0.064516129032258,0.0791180285343709,0.0427350427350427,0.0363423212192262,0.485361738561104,0.05273179749621327,1.0,0.1626344330459648,False,0.12652208311925817,0.00035492774226264723,0
9,C,3,1.0,0.20259475176787292,0.019474986745239998,0.6438927622306312,0.13403749925625574,C,C,C,0.1266375545851528,0.0472440944881889,0.0909090909090909,0.221042471042471,0.2298642533936651,0.2153024911032028,,,0.0,,False,0.0010540529483619176,3.586845939544121e-05,0
10,A,3,1.0,0.8118579000409006,0.0428383499845767,0.10495549603527321,0.0403482539392494,A,A,A,0.0583657587548638,0.0543093270365997,0.0373493975903614,0.8614525139664805,0.8634046890927625,0.839231547017189,0.050008161127274964,0.8546962500254773,1.0,0.10984455631403978,False,8.286458685590277e-05,0.00012021368418789268,0
11,A,3,1.0,0.913810846475724,0.0649133850500213,0.015775520871728035,0.005500247602526501,A,A,A,0.0749765698219306,0.0587138863000932,0.065359477124183,0.9780018331805684,0.9889400921658986,0.9692307692307692,0.06634997774873559,0.9787242315257454,1.0,0.020772955197070453,True,4.456969163219317e-05,6.500383144476014e-05,0
12,A,0,0.0,,,,,,,,,,,,,,,,,,False,,,0
13,C,3,1.0,0.15211916785309884,0.03301102079993707,0.7707711052301868,0.04409870611677721,C,C,C,0.1192660550458715,0.1881720430107527,0.2008547008547008,0.1228861330326944,0.1966173361522198,0.2358870967741935,0.1537190490283121,0.1597517345924571,1.0,0.1881642297366769,False,0.001285065790257957,0.0021941802465852696,0
14,T,3,1.0,0.019918945254308564,0.02026524897482017,0.1429100586042401,0.816905747166631,U,U,U,0.782608695652174,0.4634146341463414,0.3529411764705882,0.0294871794871794,0.0504926108374384,0.0405727923627685,0.5329881687563679,0.04018419422912877,1.0,0.20459737477829998,False,0.033189267865676005,7.361352862314138e-05,0
15,T,3,1.0,0.013956497521059902,0.0029732408325074,0.03481340049598117,0.9482568611504513,U,U,U,0.0,0.0,0.3103448275862069,0.0084210526315789,0.0136268343815513,0.0287413280475718,0.10344827586206896,0.01692973835356733,1.0,0.4760404137379898,False,0.021403091557669448,7.427351948781389e-05,0
16,C,3,1.0,0.013463420154156866,0.0,0.9132365282274039,0.07330005161843933,C,C,C,0.0,0.0,0.0,0.0056444026340545,0.0150709219858156,0.0196749358426005,0.0,0.013463420154156866,1.0,0.5029102908799119,False,0.0,3.4101341422078446e-05,0
17,G,3,1.0,0.016596074053562535,0.681455953567169,0.2546660241888536,0.0472819481904147,G,G,G,0.9485714285714284,0.993920972644377,0.9881656804733728,0.7322175732217573,0.6926315789473684,0.6693069306930693,,,0.0,,False,0.00040637881325250613,0.0006743154558056763,0
18,C,3,1.0,0.011503478175693598,0.017024966160669067,0.9655915353407009,0.0058800203229363995,C,C,C,0.5882352941176471,0.7857142857142857,0.4375,0.0459459459459459,0.0192572214580467,0.0203821656050955,0.6038165266106442,0.028528444336362698,1.0,0.2527565871790386,False,0.02033025219891878,0.00015189559771557992,0
19,C,3,1.0,0.11271592589358348,0.0080402010050251,0.8559416943120611,0.023302178789330098,C,C,C,0.1621621621621621,0.0,0.0,0.1487437185929648,0.1042654028436018,0.1092592592592592,0.05405405405405403,0.1207561268986086,1.0,0.4235849975591037,False,0.00584368151935719,0.0003958090780750321,0
20,A,3,1.0,0.6639688819934287,0.021311063890209436,0.28635997981896943,0.028360074297392197,A,A,A,0.0666666666666666,0.0052631578947368,0.018018018018018,0.7321652065081352,0.6842737094837935,0.6394009216589862,,,0.0,,False,0.0006999742624009542,0.0014347083464418622,0
21,G,3,1.0,0.0691270647016199,0.8579754039365769,0.036408127020104465,0.03648940434169864,G,G,G,0.9760147601476016,0.8890814558058926,0.9075785582255084,0.9818840579710144,0.947454844006568,0.8519685039370078,0.9242249247263342,0.9271024686381968,1.0,0.0,True,0.0013981173261346073,0.003020118121561355,0
22,G,3,1.0,0.014551238450928367,0.97584597664589,0.0032561677045205664,0.0063466171986609,G,G,G,0.9919703520691786,0.9838709677419356,0.9799528301886792,0.9993827160493828,0.9954128440366972,0.9763960852043754,0.9852647166665979,0.9903972150968184,1.0,0.0,True,2.5041406723878917e-05,0.0001006424664320488,0
23,G,3,1.0,0.0077742463702107,0.9717914624316789,0.009024191187563299,0.011410100010546901,G,G,G,0.9970178926441352,0.990467111534795,0.9886039886039886,0.9891838741396264,0.989622641509434,0.959890610756609,0.9920296642609729,0.9795657088018898,1.0,0.0,True,1.3019749043842292e-05,0.00019358682767984118,0
24,G,3,1.0,0.006055811566106301,0.9732669058239987,0.002116273907328967,0.0185610087025658,G,G,G,1.0,0.98359161349134,0.9981412639405204,0.977355072463768,0.9981801637852592,0.962432915921288,0.9939109591439536,0.979322717390105,1.0,0.0,True,5.3820263972190755e-05,0.00021491343491943573,0
25,G,3,1.0,0.006851836078748533,0.9879170876261635,0.0,0.005231076295088034,G,G,G,0.9811158798283264,1.0,0.9981949458483756,0.9931798806479112,0.9938271604938272,0.9972997299729972,0.9931036085589007,0.9947689237049119,1.0,0.0,True,7.239585680730096e-05,3.272318716444846e-06,0
26,C,3,1.0,0.0012566760917373332,0.0769725794225635,0.8859711891243441,0.035799555361355005,C,C,C,1.0,1.0,0.9677419354838708,0.034068136272545,0.0837487537387836,0.1168708765315739,0.989247311827957,0.07822925551430084,1.0,0.001270713147945579,True,0.00023124060585039008,0.001157948062725735,0
27,A,3,1.0,0.8195600354466896,0.06312876828775553,0.0751693499692825,0.04214184629627216,A,A,A,0.0863213811420982,0.0806045340050377,0.045152722443559,0.9171741778319124,0.9043280182232346,0.8265642151481888,0.0706928791968983,0.8826888037344452,1.0,0.02331330081111105,True,0.00033159686035732426,0.0016024886914368785,1
28,A,3,1.0,0.8776105036609239,0.05721905879468903,0.021771321141069,0.04339911640331803,A,A,A,0.0422919508867667,0.0481283422459893,0.0945945945945946,0.9349489795918368,0.9626769626769628,0.9068627450980392,0.0616716292424502,0.9348295624556129,1.0,0.03805944887317181,True,0.0005476380678055851,0.0005192116108841155,1
29,G,3,1.0,0.0644179493658623,0.8993590023495771,0.016480611753802835,0.019742436530757666,G,G,G,0.9476372924648788,0.9368191721132898,0.9148029818956336,0.9525547445255474,0.9902912621359224,0.9484848484848484,0.933086482157934,0.9637769517154394,1.0,0.0,True,0.00018664847891101507,0.00035426500416721696,0
30,G,3,1.0,0.018204972277624933,0.9654390365069913,0.00018896447467873332,0.016167026740704967,G,G,G,0.9791304347826086,0.9739819004524888,0.99141385231826,0.9778911564625852,0.9904761904761904,0.9825646794150732,0.9815087291844525,0.9836440087846162,1.0,0.0,True,5.3473633106014704e-05,2.697965613124585e-05,0
31,C,3,1.0,0.014355652691408434,0.0393575900843342,0.9214603831246273,0.02482637409962987,C,C,C,0.8695652173913044,0.9534883720930232,0.5625,0.0256696428571428,0.05,0.0854700854700854,0.7951845298281093,0.05371324277574274,1.0,0.048438816570354204,True,0.028244894526512226,0.000602909575406443,0
32,T,3,1.0,0.037642333298629635,0.016337635708840434,0.0388274814245505,0.9071925495679793,U,U,U,0.3488372093023255,0.0,0.5526315789473684,0.0616045845272206,0.050531914893617,0.0498034076015727,0.3004895960832313,0.0539799690074701,1.0,0.2701761815319186,False,0.0520690228603018,2.9155834724437033e-05,0
33,G,3,1.0,0.0020809335077477667,0.9178294607234557,0.023241404483870267,0.05684820128492616,G,G,G,0.9986206896551724,1.0,0.9944827586206896,0.958994708994709,0.9089775561097256,0.8917589175891759,0.9977011494252873,0.9199103942312035,1.0,0.0,True,5.496102523451056e-06,0.0008132054156832783,0
34,A,3,1.0,0.9503354512716665,0.02534725533033243,0.0110544137566835,0.013262879641317301,A,A,A,0.034717494894486,0.0211216314639475,0.0218617771509167,0.994583615436696,0.9927693420101228,0.9396951623591784,0.0259003011697834,0.9756827066019991,1.0,0.3188929733296596,False,3.896275519579064e-05,0.0006481002683255499,1
35,G,3,1.0,0.20663773895829984,0.7549245973195786,0.0020120724346076335,0.03642559128751387,G,G,G,0.8690744920993229,0.7395833333333333,0.7461706783369804,0.9672489082969432,0.997920997920998,0.9195171026156942,0.8690744920993229,0.9672489082969432,1.0,0.0,True,0.003546300083342708,0.001040697017171511,0
36,G,3,1.0,0.030909323050261898,0.9382809531817949,0.015633772024827065,0.0151759517431159,G,G,G,0.981159420289855,0.955944055944056,0.9677655677655678,0.9478021978021978,0.9896193771626296,0.9701492537313432,0.9682896813331596,0.9691902762320569,1.0,0.0,True,0.00010610644736443277,0.00029190590053248974,0
37,G,3,1.0,0.014381213010453165,0.9587289941790315,0.009524805700303,0.017364987110212168,G,G,G,0.9855421686746988,0.9740932642487048,0.9963702359346642,0.9718969555035128,0.9886169607285143,0.9588167053364268,0.9853352229526893,0.9731102071894847,1.0,0.0,True,8.273199118210207e-05,0.00014874519339903036,0
38,G,3,1.0,0.025030301874917237,0.9451573048899465,0.007553598030700201,0.02225879520443577,G,G,G,0.9728813559322034,0.9719208679004468,0.9777922926192032,0.9621656881930856,0.9757160647571608,0.9726810673443456,0.9741981721506178,0.9701876067648639,1.0,0.0,True,6.61260718121015e-06,3.371079033542078e-05,0
39,G,3,1.0,0.019208038858943937,0.9558666620228862,0.0033358623467370668,0.021589436771432668,G,G,G,0.9819136522753792,0.970713525026624,0.9884551951621772,0.9656338028169014,0.988421052631579,0.97116924719701,0.9803607908213934,0.9750747008818301,1.0,0.0,True,5.366683254743387e-05,9.41694099282249e-05,0
40,G,3,1.0,0.007889483389636267,0.9827083335516501,0.0016871973523475666,0.007714985706366067,G,G,G,0.9768041237113402,0.9994903160040776,1.0,0.9984559958826555,0.9974580579562786,0.9758793969849248,0.9920981465718058,0.9905978169412863,1.0,0.0,True,0.00011699686392417417,0.00010848192302339449,0
41,T,3,1.0,0.021326655882119298,0.03204552331830663,0.0,0.946627820799574,U,U,U,0.5740740740740741,0.4861111111111111,0.6909090909090909,0.0372157133011716,0.0495185694635488,0.0733822548365577,0.5836980920314253,0.05337217920042603,1.0,0.11444693117249893,False,0.007036679615710668,0.00022542827510721225,0
42,G,3,1.0,0.013191774147094736,0.9562279571595323,0.0046557847815888,0.025924483911784035,G,G,G,0.9876106194690264,0.9803260258572232,0.9914724275156338,0.9669138619509412,0.9905345211581292,0.9508108108108108,0.9864696909472945,0.9694197313066271,1.0,0.0,True,2.1357903934287264e-05,0.0002661352179068256,0
43,G,3,1.0,0.018208082287127836,0.9577227261616928,0.0040975385312057,0.019971653019973435,G,G,G,0.9699617695248498,0.9817792068595926,0.9925729442970822,0.9865301724137931,0.979527559055118,0.9617346938775512,0.9814379735605082,0.9759308084488207,1.0,0.0,True,8.52690908456085e-05,0.00010893760010215587,0
44,G,3,1.0,0.027194566922408167,0.9474406025953076,0.0085592077053308,0.0168056227769533,G,G,G,0.957284961966062,0.9826989619377164,0.976364659538548,0.9771297884505432,0.9736103312745648,0.9731653888280394,0.9721161944807756,0.9746351695177159,1.0,0.0,True,0.00011666996010009851,3.1445574401305317e-06,0
45,G,3,1.0,0.006699682157975833,0.9794786481103207,0.0006361323155216,0.0131855374161818,G,G,G,1.0,0.9848300970873788,0.994990607388854,0.9745547073791349,1.0,0.9839802834257548,0.9932735681587442,0.9861783302682965,1.0,0.0,True,3.982843758859355e-05,0.00011032619105457955,0
46,C,3,1.0,0.013792816956194833,0.022210627877254266,0.946768169846385,0.0172283853201658,C,C,C,0.1052631578947368,0.5370370370370371,0.8524590163934426,0.015472312703583,0.0440097799511002,0.0485282418456642,0.4982530704417389,0.03600344483344913,1.0,0.2451018226031343,False,0.0938023731920356,0.00021416644291578186,0
47,C,3,1.0,0.0005832604257801,0.030662410714145365,0.9330010807618345,0.03575324809823987,C,C,C,1.0,1.0,0.9583333333333334,0.0472659870250231,0.0044762757385854,0.0419947506561679,0.9861111111111112,0.031245671139925466,1.0,0.11474100200995041,False,0.0003858024691358018,0.00036293125388603365,0
48,A,3,1.0,0.9029241434502063,0.011160130345445865,0.059678919674845565,0.026236806529502166,A,A,A,0.0,0.0074906367041198,0.030264817150063,0.9455696202531646,0.9175257731958762,0.8791574279379157,0.0125851512847276,0.9140842737956522,1.0,0.5160749225270258,False,0.0001656368989271373,0.0007410185070804712,1
49,C,3,1.0,0.011050674108709633,0.0103027785105628,0.9427153175996494,0.035931229781077996,C,C,C,0.4,0.68,0.3333333333333333,0.0204498977505112,0.0236294896030245,0.0199809705042816,0.4711111111111111,0.021353452619272434,1.0,0.34963582555763106,False,0.022558024691358033,2.626820969413013e-06,0
50,C,3,1.0,0.0301141116239108,0.0206185916103428,0.9087617193742306,0.04050557739151573,C,C,C,0.3469387755102041,0.0,0.6200000000000001,0.0660377358490566,0.0233463035019455,0.0628140703517587,0.32231292517006804,0.05073270323425361,1.0,0.2678803854404497,False,0.06436988291915408,0.00037673944835529415,0
51,A,3,1.0,0.8455520830867091,0.06649580541547294,0.05166086606529816,0.03629124543251963,A,A,A,0.0476923076923076,0.0714285714285714,0.1018518518518518,0.9502923976608189,0.9113573407202216,0.8744939271255061,0.07365757699091026,0.9120478885021822,1.0,0.015278364527990473,True,0.0004913602701600719,0.0009578064507016977,1
52,C,3,1.0,0.0,0.019858710217028234,0.9204749807902908,0.05966630899268097,C,C,C,,1.0,1.0,0.0,0.0219922380336351,0.0375838926174496,1.0,0.019858710217028234,1.0,0.21926863151937492,False,0.0,0.00023770080118544804,0
53,A,3,1.0,0.8715597743591306,0.016209730955550433,0.069816849144542,0.04241364554077683,A,A,A,0.0341753343239227,0.011204481792717,0.0088495575221238,0.9057873485868102,0.9003783102143758,0.8571428571428571,0.018076457879587834,0.8877695053146811,1.0,0.43893662979046044,False,0.00013051118943835152,0.0004738720718060875,1
54,T,3,1.0,0.0018726591760299333,0.012016155577499599,0.009703061512167635,0.9764081237343026,U,U,U,1.0,,0.7058823529411765,0.0225653206650831,0.0,0.0191011235955056,0.8529411764705883,0.013888814753529566,1.0,0.32239729875661405,False,0.021626297577854663,9.844969785174184e-05,0
55,C,3,1.0,0.0022505165160723335,0.006197704916089167,0.972462271192148,0.019089507375690533,C,C,C,0.6666666666666666,0.875,0.5454545454545454,0.0026642984014209,0.0134907251264755,0.0091896407685881,0.6957070707070706,0.0084482214321615,1.0,0.4098693224290223,False,0.01852170696867667,1.981010392170971e-05,0
56,C,3,1.0,0.0,0.021302724692494765,0.9532858418008336,0.0254114335066714,C,C,C,1.0,1.0,1.0,0.0287671232876712,0.0117340286831812,0.0234070221066319,1.0,0.021302724692494765,1.0,0.20298822939153327,False,0.0,5.056841910448985e-05,0
57,A,3,1.0,0.8679425782146722,0.03438298348217117,0.0636698325603063,0.034004605742850136,A,A,A,0.0879888268156424,0.0043795620437956,0.0186625194401244,0.9458388375165124,0.906084656084656,0.8550531914893617,0.0370103027665208,0.9023255616968434,1.0,0.2027357944150534,False,0.001333405435777659,0.0013807376494027618,1
58,C,3,1.0,0.0003454231433506,0.03783821660582507,0.9480064843163937,0.013809875934430602,C,C,C,1.0,1.0,0.975,0.0545454545454545,0.0185546875,0.0414507772020725,0.9916666666666667,0.038183639749175664,1.0,0.06984916921947515,False,0.00013888888888888913,0.0002212263123214229,0
59,C,3,1.0,0.06364975351431361,0.015297941025741833,0.8807400915035514,0.040312213956393096,C,C,C,0.0363636363636363,0.3820224719101124,0.0,0.0740242261103634,0.1130876747141041,0.0497311827956989,0.13946203609124957,0.07894769454005547,1.0,0.3472764366512674,False,0.02963816818724947,0.000681127782056911,0
60,C,3,1.0,0.030006061206299933,0.013867072536872999,0.9322399697603649,0.023886896496461866,C,C,C,0.1730769230769231,0.8571428571428571,0.2307692307692307,0.0627261761158021,0.0237020316027088,0.0451911935110081,0.4203296703296702,0.043873133743173,1.0,0.2402218141386535,False,0.09595761381475665,0.0002546826166055911,0
61,A,3,1.0,0.7258626764788977,0.1290247150702416,0.07390678727509897,0.07120582117576153,A,A,A,0.169090909090909,0.1400709219858156,0.1436265709156194,0.8566978193146417,0.8703703703703703,0.837593984962406,0.1509294673307813,0.8548873915491394,1.0,1.7427190346364085e-06,True,0.0001670260899552568,0.00018068739774895399,1
62,G,3,1.0,0.06426555009027854,0.8612686244933604,0.025930184538454065,0.0485356408779068,G,G,G,0.9098712446351932,0.9185185185185184,0.9655913978494624,0.926441351888668,0.9694793536804308,0.8806818181818182,0.9313270536677246,0.9255341745836391,1.0,0.0,True,0.0005994851987044975,0.0013145785371026068,0
63,G,3,1.0,0.008181409563513401,0.967156285231359,0.013707003765067567,0.010955301440059934,G,G,G,0.9922680412371134,0.9987593052109182,0.98378728923476,0.9779458097038436,0.9751966122202056,0.972870662460568,0.9916048785609305,0.9753376947948724,1.0,0.0,True,3.758010276593023e-05,4.302805403258666e-06,0
64,T,3,1.0,0.003952578604934267,0.004273504273504266,0.005681006945167933,0.9860929101763934,U,U,U,0.0,0.0,0.9230769230769232,0.0042462845010615,0.0065430752453653,0.0138888888888888,0.30769230769230776,0.008226082878438533,1.0,0.46189942586682164,False,0.18934911242603555,1.69128939098491e-05,0
65,C,3,1.0,0.0012882447665056333,0.0006660584396483999,0.9493251680369759,0.04872052875687007,C,C,C,1.0,,0.2,0.001031991744066,0.0,0.0048309178743961,0.6,0.0019543032061540336,1.0,0.4819271146674482,False,0.16,4.314957134742772e-06,0
66,A,3,1.0,0.8427002013826543,0.026658202507463133,0.08979210298700409,0.0408494931228783,A,A,A,0.0763723150357995,0.0035799522673031,0.009925558312655,0.8991416309012875,0.8914893617021277,0.8174442190669371,0.02995927520525253,0.8693584038901174,1.0,0.2880622148936519,False,0.001083796252503104,0.001357300830243732,1
67,T,3,1.0,0.034292263161468696,0.012041724850586202,0.0414379297416522,0.9122280822462928,U,U,U,0.7272727272727273,0.1707317073170731,0.22,0.0161290322580645,0.0535248041775456,0.0693481276005547,0.37266814486326677,0.04633398801205493,1.0,0.25532556827718567,False,0.06327676571020903,0.000497899270075118,0
68,G,3,1.0,0.006698069057121833,0.9671401020285207,0.0104357244616248,0.015726104452732603,G,G,G,0.9921164342025468,0.9897435897435898,0.9976387249114522,0.9751626256652868,0.9892897406989852,0.9570621468926552,0.9931662496191963,0.9738381710856423,1.0,0.0,True,1.0939916090987167e-05,0.0001739800570577371,0
69,G,3,1.0,0.0015874106127557333,0.9516909361382321,0.009051554506099934,0.037670098742912134,G,G,G,0.9987577639751553,1.0,0.9962025316455696,0.9722222222222222,0.9515938606847698,0.9360189573459716,0.9983200985402417,0.9532783467509879,1.0,0.0,True,2.499236500275793e-06,0.00021986481127030132,0
70,T,3,1.0,0.015485326009264567,0.015275689977074,0.020577265983366632,0.9486617180302948,U,U,U,0.1399999999999999,0.75,1.0,0.051440329218107,0.0088691796008869,0.031973539140022,0.63,0.030761015986338635,1.0,0.22668673919746218,False,0.1304666666666667,0.0003027855694877323,0
71,G,3,1.0,0.005541233719848766,0.9478524704143897,0.020979490319050036,0.02562680554671133,G,G,G,0.993623804463337,0.9939879759519038,0.9949698189134808,0.9533941236068896,0.970817120622568,0.935969868173258,0.9941938664429072,0.9533937041342385,1.0,0.0,True,3.2315459714213597e-07,0.00020238850063230196,0
72,A,3,1.0,0.9574330146614886,0.0021849963583394,0.007205728811044933,0.03317626016912703,A,A,A,0.0,0.0,0.0068649885583524,0.9419210722263588,0.982089552238806,0.954843408594319,0.0022883295194508,0.959618011019828,1.0,0.667533882315262,False,1.0472903979179858e-05,0.00028031621191256634,1
73,T,3,1.0,0.04213374015140064,0.008718352297361768,0.019550129923675264,0.9295977776275622,U,U,U,0.0,0.3272727272727272,0.1076923076923076,0.027114967462039,0.0575916230366492,0.0678496868475991,0.14498834498834492,0.05085209244876243,1.0,0.3958699815359764,False,0.018546736868415185,0.0002992635301759182,0
74,C,3,1.0,0.011914203014940833,0.0083693265966008,0.9542163401432848,0.025500130245173402,C,C,C,0.0,1.0,0.5499999999999999,0.0160919540229885,0.0010905125408942,0.0436681222707423,0.5166666666666666,0.020283529611541666,1.0,0.34329246779886646,False,0.1672222222222222,0.00031092679467515337,0
75,A,3,1.0,0.8802926166798141,0.023886404176555732,0.045330002665797064,0.050490976477833294,A,A,A,0.052,0.0092961487383798,0.017832647462277,0.9124087591240876,0.9239263803680982,0.8762019230769231,0.026376265400218934,0.9041790208563697,1.0,0.32516101245949447,False,0.00034043318916385836,0.00041346826660043564,1
76,A,3,1.0,0.9144985140240021,0.019748715520107266,0.014446461277320632,0.05130630917856987,A,A,A,0.0206043956043956,0.0142487046632124,0.0289855072463768,0.93573264781491,0.9601990049751244,0.906810035842294,0.021279535837994936,0.9342472295441095,1.0,0.38971386532637187,False,3.642346556337244e-05,0.00047616690456400056,1
77,A,3,1.0,0.9281202230619922,0.008382357741715666,0.0083101709849985,0.0551872482112937,A,A,A,0.0136645962732919,0.0082159624413145,0.0048019207683073,0.9492924528301888,0.9498327759197324,0.9103825136612022,0.008894159827637901,0.9365025808037077,1.0,0.5706405268071536,False,1.3321145365183618e-05,0.0003411776119380166,1
78,C,3,1.0,0.0030832476875642333,0.0037661426297048335,0.9710182428921406,0.022132366790590233,C,C,C,1.0,1.0,0.4,0.0020263424518743,0.0031055900621118,0.0154162384378211,0.7999999999999999,0.006849390317269066,1.0,0.41566064929609625,False,0.08,3.688957259433684e-05,0
79,G,3,1.0,0.061044779205934686,0.8745001607381547,0.022900957097012467,0.041554102958898,G,G,G,0.913978494623656,0.9330985915492958,0.9576427255985268,0.9331103678929766,0.957841483979764,0.915682967959528,0.9349066039238262,0.9355449399440895,1.0,0.0,True,0.000319395298811039,0.00029918698270744613,0
80,C,3,1.0,0.00025759917568263333,0.005227479568361633,0.9709265659694618,0.023588355286493803,C,C,C,1.0,,0.9285714285714286,0.0056360708534621,0.0,0.0108191653786707,0.9642857142857143,0.0054850787440442654,1.0,0.41830998063147196,False,0.0012755102040816315,1.9520455890391006e-05,0
81,C,3,1.0,0.027490444245700667,0.0054329266816098,0.9533303791067623,0.013746249965926967,C,C,C,0.0769230769230769,0.2,0.3478260869565217,0.0579064587973273,0.016025641025641,0.0248380129589632,0.20824972129319952,0.03292337092731051,1.0,0.40000604357025416,False,0.012265435758237847,0.0003250203229423578,0
82,C,3,1.0,0.04109485094850943,0.0018292682926829,0.9475736224028907,0.009502258355916867,C,C,C,0.0344827586206896,0.1999999999999999,0.0,0.0805555555555555,0.013550135501355,0.0346666666666666,0.07816091954022984,0.042924119241192375,1.0,0.4564291504030954,False,0.007620557537323286,0.000782380480950247,0
83,C,3,1.0,0.0448360021931799,0.002727450125644467,0.929904721214618,0.022531826466557398,C,C,C,0.0769230769230769,0.0697674418604651,0.0249999999999999,0.0463182897862232,0.0493685419058553,0.0470035252643948,0.0572301729278473,0.04756345231882444,1.0,0.4673680597144044,False,0.0005279258756710202,1.7074321520278086e-06,0
84,G,3,1.0,0.0082804543135008,0.9176310430682282,0.022958985351635635,0.05112951726663514,G,G,G,0.9949832775919732,0.982200647249191,0.9966101694915256,0.888558692421991,0.9701726844583988,0.9190031152647976,0.9912646981108967,0.9259114973817292,1.0,0.0,True,4.151963855393139e-05,0.0011340034877565738,0
85,G,3,1.0,0.023577389704650936,0.8869738540851063,0.022993952262535367,0.0664548039477072,G,G,G,0.966906474820144,0.9758064516129032,0.9797101449275364,0.9073107049608355,0.9453621346886912,0.8789808917197452,0.9741410237868613,0.9105512437897575,1.0,0.0,True,2.8709152958366333e-05,0.0007396621156345818,0
86,C,3,1.0,0.0022691572656554668,0.006494587630488667,0.968832204739778,0.022404050364077666,C,C,C,0.7857142857142857,0.25,0.8888888888888888,0.0136186770428015,0.003883495145631,0.0087890625,0.6415343915343915,0.008763744896144166,1.0,0.4138645052242126,False,0.07842375633380924,1.57959482523652e-05,0
87,A,3,1.0,0.8013117918863318,0.11541609575803553,0.029449710528716828,0.053822401826915535,A,A,A,0.0887096774193548,0.1289833080424886,0.1611374407582938,0.9253731343283582,0.9294781382228492,0.8953323903818954,0.12627680874004574,0.9167278876443676,1.0,2.235146850593228e-05,True,0.0008779593862839547,0.00023169216104985905,1
88,G,3,1.0,0.02591214362078423,0.9128383202918492,0.034997388564465735,0.026252147522900667,G,G,G,0.9239766081871346,0.9947183098591548,1.0,0.9553072625698324,0.9676320272572402,0.893312101910828,0.9728983060154297,0.9387504639126335,1.0,0.0,True,0.001201315634325496,0.001057639008136892,0
89,G,3,1.0,0.0056714929121838,0.9698558544119932,0.010867465447401166,0.013605187228421767,G,G,G,1.0,0.9911452184179456,0.9914163090128756,0.9754637941352484,0.983739837398374,0.9673784104389088,0.9941871758102737,0.975527347324177,1.0,0.0,True,1.6906710882110102e-05,4.4618068195563866e-05,0
90,A,3,1.0,0.9294728574270162,0.04403406354160644,0.0,0.0264930790313772,A,A,A,0.1019462465245597,0.0,0.0327102803738317,0.9853881278538812,0.9676823638042474,0.9674502712477396,0.04488550896613047,0.9735069209686228,1.0,0.11492758135982539,False,0.0018062909590450815,7.059051635095396e-05,1
91,A,1,0.3333333333333333,0.544,0.332,0.0106666666666666,0.1133333333333333,A,,,0.3789954337899543,,,0.876,,,0.3789954337899543,0.876,1.0,0.0,True,0.0,0.0,1
92,G,3,1.0,0.17084902499683732,0.7617510084470297,0.03227211909037633,0.03512784746575643,G,G,G,1.0,0.7134328358208955,0.7392,0.9278959810874704,0.9654178674351584,0.9044862518089724,1.0,0.9278959810874704,1.0,0.0,True,0.0167557029261652,0.0006298410180887415,0
93,T,3,1.0,0.010760188225806065,0.0086297818015395,0.0045542605649554,0.9760557694076989,U,U,U,0.5370370370370371,0.2,0.0,0.0437601296596434,0.0119426751592356,0.0024671052631578,0.24567901234567904,0.0193899700273456,1.0,0.42940009542357915,False,0.04911141594269167,0.0003119167443944145,0
94,G,3,1.0,0.003697027669724433,0.9656245574638147,0.024690390914364934,0.0059880239520958,G,G,G,0.9973142345568488,0.996548748921484,0.99468085106383,0.9763986013986014,0.9666388657214344,0.9649272882805816,0.996181278180721,0.9693215851335392,1.0,0.0,True,1.2233021428757969e-06,2.5530329163983676e-05,0
95,A,3,1.0,0.8239498769141008,0.130575898650277,0.025593453552853,0.019880770882768902,A,A,A,0.3667425968109339,0.0333333333333333,0.0237003058103975,0.9164926931106472,0.9824828636709824,0.9646017699115044,0.14125874531822158,0.954525775564378,1.0,7.3372147280093e-07,True,0.025436949511870047,0.0007765465994720163,1
96,A,3,1.0,0.9134730156633787,0.03504197589610256,0.02007733108482693,0.03140767735569173,A,A,A,0.0043140638481449,0.0409663865546218,0.0656410256410256,0.9507793273174734,0.9463220675944334,0.9484435797665368,0.03697382534793076,0.9485149915594812,1.0,0.1913030814156761,False,0.0006348029796188285,3.3137438618582137e-06,1
97,A,3,1.0,0.8431366641803398,0.1171368698736821,0.004429678848283466,0.0352967870976946,A,A,A,0.0465116279069767,0.1355578727841501,0.1834677419354838,0.9523809523809524,0.9745934959349594,0.953846153846154,0.12184574754220352,0.9602735340540219,1.0,2.001375521787363e-05,True,0.0032201740509569866,0.00010288845669135529,1
98,A,1,0.3333333333333333,0.9223300970873788,0.016504854368932,0.0281553398058252,0.033009708737864,A,,,0.0175801447776628,,,0.9388349514563108,,,0.0175801447776628,0.9388349514563108,1.0,0.44272026011104737,False,0.0,0.0,1
99,G,3,1.0,0.010482180293501035,0.965243307007357,0.006988694126172333,0.017285818572969364,G,G,G,0.9676584734799484,1.0,1.0,0.9723270440251572,0.986842105263158,0.9680073126142597,0.9892194911599828,0.9757254873008584,1.0,0.0,True,0.0002324387416993783,6.489961070357783e-05,0
100,C,3,1.0,0.017434127982079665,0.0003214400514304,0.9739853059175728,0.008259126048916966,C,C,C,0.0769230769230769,0.0,0.0,0.0125361620057859,0.01434034416826,0.0263901979264844,0.025641025641025633,0.0177555680335101,1.0,0.4966546974920709,False,0.001314924391847468,3.782092890688764e-05,0
101,T,3,1.0,0.0316622406047405,0.006316810522330634,0.014293785310734433,0.9477271635621944,U,U,U,0.125,0.1714285714285714,0.2631578947368421,0.0542372881355932,0.0385887541345093,0.0211111111111111,0.18652882205513785,0.0379790511270712,1.0,0.3975839062274401,False,0.0032952760975119497,0.00018307646958819383,0
102,G,3,1.0,0.007825778076680735,0.9502086945774207,0.030977657406750566,0.010987869939147734,G,G,G,0.9973333333333332,0.9940688018979834,0.9839901477832512,0.9554140127388536,0.9711981566820276,0.9474912485414236,0.9917974276715227,0.9580344726541017,1.0,0.0,True,3.225300387563455e-05,9.710298734821634e-05,0
103,A,3,1.0,0.8595282624910734,0.12135130761481627,0.009840632221427066,0.009279797672683101,A,A,A,0.0514285714285714,0.1533333333333333,0.1670258620689655,0.9864712514092446,0.9793253536452666,0.9768421052631578,0.12392925561029007,0.9808795701058898,1.0,9.501836652603401e-06,True,0.002659422160604675,1.6661203653685528e-05,1
104,G,3,1.0,0.0,0.9232823767974413,0.042128603104212826,0.03458902009834577,G,G,G,1.0,1.0,1.0,0.8736141906873615,0.953095684803002,0.9431372549019608,1.0,0.9232823767974413,1.0,0.0,True,0.0,0.0012499927434150948,0
105,G,3,1.0,0.019988495829738266,0.9561223756111591,0.011643478573482835,0.012245649985619734,G,G,G,0.9815627743634768,0.9732441471571908,0.9838565022421524,0.9827437446074202,0.9835526315789472,0.9620362381363244,0.9795544745876067,0.9761108714408974,1.0,0.0,True,2.078698073643186e-05,9.915670101788001e-05,0
106,C,3,1.0,0.007413936716924467,0.017960582040682134,0.9694953360294264,0.005130145212966833,C,C,C,0.9454545454545454,0.0,0.1666666666666666,0.0539215686274509,0.0047938638542665,0.0174081237911025,0.3707070707070707,0.025374518757606632,1.0,0.36006495201454647,False,0.16979695949392923,0.0004339869537613654,0
107,C,3,1.0,0.020705106992576435,0.01793719400998117,0.9447550432325387,0.0166026557649036,C,C,C,0.1428571428571428,0.6363636363636364,0.5675675675675675,0.0343558282208589,0.0378874856486796,0.0436835891381345,0.44892944892944886,0.038642301002557666,1.0,0.2529695034842647,False,0.04762894478584195,1.478606039753406e-05,0
108,G,3,1.0,0.022457552083198565,0.9376786247273264,0.009928495794220133,0.0299353273952546,G,G,G,0.9535315985130112,0.9918433931484502,0.9839285714285716,0.950530035335689,0.9871175523349436,0.9427609427609428,0.9764345210300109,0.9601361768105252,1.0,0.0,True,0.0002727126637194252,0.0003740571125006729,0
109,A,3,1.0,0.9488696340092817,0.027269162063910002,0.0036897768492293996,0.020171427077578765,A,A,A,0.0049964311206281,0.0293715846994535,0.0492424242424242,0.9715672676837726,0.9766511007338226,0.9801980198019802,0.027870146687501932,0.9761387960731917,1.0,0.2921665157931289,False,0.00032741180927420445,1.2546208386976264e-05,1
110,C,3,1.0,0.0,0.0209218509850433,0.9529177948361536,0.026160354178803098,C,C,C,1.0,1.0,1.0,0.0093708165997322,0.023543990086741,0.0298507462686567,1.0,0.0209218509850433,1.0,0.20721073694046077,False,0.0,7.334239327500833e-05,0
111,C,3,1.0,0.0409133667460101,0.037627112965103564,0.8830776116045252,0.038381908684361,C,C,C,0.7631578947368421,0.0,0.0588235294117647,0.1446700507614213,0.0488721804511278,0.042079207920792,0.2739938080495356,0.0785404797111137,1.0,0.20938448731087944,False,0.12021745312105615,0.002194250829615157,0
112,C,3,1.0,0.032038634077506505,0.016372364829051633,0.9228099807878415,0.02877902030560027,C,C,C,0.3666666666666667,0.15,0.3773584905660377,0.0666666666666666,0.0218818380743982,0.0566844919786096,0.2980083857442348,0.048410998906558124,1.0,0.2930961385256524,False,0.010972293641689631,0.00036850548914645195,0
113,T,3,1.0,0.015487184904691568,0.016317416695293668,0.008806556157222032,0.9593888422427925,U,U,U,0.125,0.7678571428571429,0.0,0.0102432778489116,0.0620842572062084,0.0230862697448359,0.2976190476190476,0.0318046015999853,1.0,0.36049343469113104,False,0.11316609977324266,0.0004859191786222019,0
114,C,3,1.0,0.0025181150110488333,0.008266954451239332,0.9766843634832569,0.012530567054454834,C,C,C,0.761904761904762,0.7777777777777778,,0.0229508196721311,0.0094043887147335,0.0,0.7698412698412699,0.0107850694622882,1.0,0.37352279715777104,False,6.298815822625302e-05,8.87431602671141e-05,0
115,A,3,1.0,0.9088243926802398,0.039971569300993534,0.0,0.05120403801876653,A,A,A,0.0680173661360347,0.0099431818181818,0.0484764542936288,0.9718706047819972,0.9617486338797814,0.9127686472819216,0.04214566741594843,0.9487959619812334,1.0,0.1428867628183209,False,0.0005821412452759635,0.0006660594180458395,1
116,G,3,1.0,0.0,0.8505554215899043,0.07996463306808127,0.06947994534201427,G,G,G,1.0,1.0,1.0,0.8244514106583072,0.926153846153846,0.8010610079575596,1.0,0.8505554215899043,1.0,0.0,True,0.0,0.0029487460546921834,0
117,G,3,1.0,0.007486459481517666,0.9653476027233352,0.0103011569105695,0.0168647808845775,G,G,G,0.99359316604378,0.9875299760191848,0.99591211037302,0.963477366255144,0.9895586141433318,0.9654662062160828,0.9923450841453283,0.9728340622048529,1.0,0.0,True,1.2488883600245419e-05,0.00014051456616981066,0
118,C,3,1.0,0.011999483640801735,0.0068723068388028335,0.9720214402778456,0.009106769242549634,C,C,C,0.175,1.0,0.6666666666666666,0.0380228136882129,0.0047036688617121,0.0138888888888888,0.6138888888888889,0.0188717904796046,1.0,0.32708506216883104,False,0.11483024691358025,0.00019744222279293486,0
119,C,3,1.0,0.006941918721496266,0.030870791700746702,0.9345964232985319,0.027590866279225034,C,C,C,1.0,0.7142857142857143,0.7450980392156862,0.0337662337662337,0.0167865707434052,0.06288532675709,0.8197945845004669,0.03781271042224296,1.0,0.11399937754644185,False,0.01639522911561139,0.000362369537665354,0
120,A,3,1.0,0.9175996800163806,0.004997738126203834,0.03322574772001253,0.04417683413740283,A,A,A,0.0016313213703099,0.0027285129604365,0.0120663650075414,0.8948905109489051,0.970860927152318,0.9020408163265308,0.0054753997794292665,0.9225974181425847,1.0,0.6179535806328269,False,2.1921049549999038e-05,0.0011732042954651896,1
121,T,3,1.0,0.006861814944097967,0.012391680895783167,0.03500734696375957,0.9457391571963593,U,U,U,0.6,0.8571428571428571,0.5238095238095237,0.0140646976090014,0.0175438596491228,0.0261519302615193,0.6603174603174603,0.019253495839881164,1.0,0.31122102542380947,False,0.02033761652809272,2.5811626818391206e-05,0
122,T,3,1.0,0.0070885743736540325,0.0005157981902167667,0.009825016096246766,0.9825706113398823,U,U,U,0.0,0.0588235294117647,0.125,0.003457216940363,0.0131782945736434,0.0061776061776061,0.061274509803921566,0.007604372563870833,1.0,0.49429195781849466,False,0.0026071703191080354,1.6767722885864873e-05,0
123,C,3,1.0,0.015252313351342,0.00029895366218233335,0.9753616365938939,0.009087096392581666,C,C,C,0.0,0.0,1.0,0.0393700787401574,0.0063868613138686,0.000896860986547,0.3333333333333333,0.015551267013524335,1.0,0.42207231406573154,False,0.22222222222222224,0.00028869124663339507,0
124,C,3,1.0,0.04887817648540183,0.007034301924448566,0.9155528747682679,0.0285346468218816,C,C,C,0.0701754385964912,0.2727272727272727,0.0833333333333333,0.0786206896551724,0.0430809399477806,0.0460358056265984,0.14207868155236575,0.05591247840985047,1.0,0.3882458927645901,False,0.008563382220311626,0.00025928663417772526,0
125,C,3,1.0,0.010934423873178334,0.0009950248756218666,0.966936983303427,0.02113356794777277,C,C,C,0.1428571428571428,0.0,0.0,0.0208955223880597,0.0013793103448275,0.0135135135135135,0.047619047619047596,0.011929448748800234,1.0,0.4936157516706574,False,0.004535147392290246,6.473505267546997e-05,0
126,A,3,1.0,0.9309453523129879,0.018631204608899665,0.0158820192853091,0.034541423792803234,A,A,A,0.0402576489533011,0.0,0.0192023633677991,0.9466463414634146,0.975954738330976,0.9261285909712722,0.019820004107033398,0.9495765569218877,1.0,0.4091059319344075,False,0.00027030378991591843,0.00041806724143502344,1
127,A,3,1.0,0.9355032536670299,0.028243071996125232,0.012113060898885664,0.0241406134379591,A,A,A,0.0462724935732647,0.0213523131672597,0.0200708382526564,0.9712858926342072,0.9756944444444444,0.9442586399108138,0.0292318816643936,0.9637463256631551,1.0,0.2769164764499499,False,0.00014546492344050602,0.00019312416950159435,1
128,G,3,1.0,0.0587488273710722,0.9055757777297022,0.002279985841853833,0.03339540905737163,G,G,G,0.9702233250620348,0.9767441860465116,0.8675799086757991,0.9757869249394672,0.9772727272727272,0.9399141630901288,0.9381824732614485,0.9643246051007743,1.0,0.0,True,0.002499448001031873,0.0002983027743397995,0
129,A,3,1.0,0.9697486476673006,0.003633349121068,0.002363200774446467,0.024254802437184735,A,A,A,0.0,0.0023006134969325,0.0089086859688195,0.9677158999192896,0.9826676714393368,0.9697624190064796,0.003736433155250667,0.9733819967883687,1.0,0.6493539424366621,False,1.425823666078002e-05,4.380991692418774e-05,1
130,A,3,1.0,0.9280446366699296,0.010172018116054267,0.031872231280183703,0.029911113933832334,A,A,A,0.0241116751269035,0.0035799522673031,0.0048250904704463,0.9403341288782816,0.9643268124280784,0.9099890230515916,0.0108389059548843,0.9382166547859838,1.0,0.5422750680432086,False,8.834159560433941e-05,0.00049434107398635,1
131,A,3,1.0,0.9237828097533581,0.0350708070161199,0.004861165874970833,0.036285217355550896,A,A,A,0.0561674008810572,0.0254237288135593,0.0281995661605206,0.9578059071729956,0.9701952723535456,0.948559670781893,0.03659689861837903,0.9588536167694781,1.0,0.19260773560276245,False,0.00019278649156954315,7.856539026049732e-05,1
132,C,3,1.0,0.0016401379894692,0.0094042397289452,0.9721858723903208,0.0167697498912646,C,C,C,0.7142857142857143,1.0,0.8181818181818181,0.0085365853658536,0.010948905109489,0.0136476426799007,0.8441558441558442,0.011044377718414433,1.0,0.35839438936354395,False,0.013942767189520436,4.35837532077324e-06,0
133,G,3,1.0,0.0292533771532253,0.889397935943626,0.015663375967870933,0.06568531093527753,G,G,G,0.983271375464684,0.9643435980551054,0.9575221238938052,0.8819672131147541,0.9670846394984326,0.9069020866773676,0.9683790324711982,0.9186513130968516,1.0,0.0,True,0.00011864635820669405,0.0012765182064249693,0
134,G,3,1.0,0.004333465659585,0.9430963952691576,0.023361640989320132,0.029208498081937234,G,G,G,1.0,0.996661101836394,0.9896995708154508,0.9266837169650468,0.966908797417272,0.9486970684039088,0.9954535575506149,0.9474298609287426,1.0,0.0,True,1.841222183204436e-05,0.0002704790902905565,0
135,G,3,1.0,0.01937634614931887,0.9505296723253983,0.009044583591884299,0.0210493979333984,G,G,G,0.9684519442406456,0.9868334430546412,0.984543010752688,0.9564912280701754,0.9768488745980708,0.9763779527559056,0.9799427993493249,0.9699060184747172,1.0,0.0,True,6.689422225263576e-05,9.001526202913215e-05,0
136,G,3,1.0,0.0056241926235834,0.9262531253872104,0.020954552046243333,0.04716812994296274,G,G,G,1.0,0.9978425026968716,0.9839816933638444,0.9295929592959296,0.939209726443769,0.926829268292683,0.9939413986869053,0.9318773180107938,1.0,0.0,True,5.037366416327151e-05,2.8155104707553558e-05,0
137,C,3,1.0,0.0162291357427062,0.0013812934352037,0.9648282810646434,0.01756128975744667,C,C,C,0.0416666666666666,0.3333333333333333,0.0,0.0260586319218241,0.0091743119266055,0.0175983436853002,0.12499999999999996,0.017610429177909934,1.0,0.4691045460694526,False,0.02199074074074074,4.751344997972224e-05,0
138,C,3,1.0,0.026718596289024565,0.008280579318805133,0.949537776896029,0.015463047496141268,C,C,C,0.2830188679245283,0.1333333333333333,0.1666666666666666,0.0678617157490397,0.0166112956810631,0.0205245153933865,0.1943396226415094,0.034999175607829766,1.0,0.40127474362191673,False,0.0041171894571681,0.0005425254870191364,0
139,G,3,1.0,0.04986662197590114,0.8603196880138521,0.022757067464452534,0.0670566225457942,G,G,G,0.9721362229102168,0.9319899244332494,0.9315068493150684,0.9098591549295776,0.9474940334128878,0.8732057416267942,0.9452109988861782,0.9101863099897533,1.0,0.0,True,0.0003625227379673011,0.0009198452312993306,0
140,A,3,1.0,0.9769147406184531,0.0004655493482309,0.0013422818791946,0.0212774281541212,A,A,A,0.0,0.0014204545454545,0.0,0.9831288343558282,0.9832402234636872,0.9657718120805368,0.0004734848484848333,0.977380289966684,1.0,0.6954243196002391,False,4.4837580348941115e-07,6.73804473388105e-05,1
141,A,3,1.0,0.9476980245928974,0.0024251789199739335,0.01690534841233377,0.032971448074794865,A,A,A,0.001466275659824,0.0061199510403916,0.0,0.9406896551724138,0.9634433962264152,0.946236559139785,0.0025287422334052,0.9501232035128714,1.0,0.6626820217479472,False,6.806717732787059e-06,9.384179090017994e-05,1
142,A,3,1.0,0.9287905201809507,0.012780212637719732,0.03648841367455433,0.021940853506775132,A,A,A,0.0149925037481259,0.0105401844532279,0.0152777777777777,0.942090395480226,0.9595448798988622,0.9230769230769232,0.0136034886597105,0.9415707328186705,1.0,0.5014338200423016,False,4.70547987605929e-06,0.00022178700376870785,1
143,G,3,1.0,0.0015637581730924,0.924458056413072,0.03962214848232146,0.03435603693151403,G,G,G,0.996661101836394,1.0,0.9983164983164984,0.9477848101265824,0.9234104046242776,0.9068702290076336,0.9983258667176308,0.9260218145861646,1.0,0.0,True,1.8580840412918048e-06,0.0002824102223510289,0
144,C,3,1.0,0.013676378999814833,0.0010162601626016,0.9797863118382737,0.005521048999309867,C,C,C,,0.1304347826086956,0.0,0.0,0.0233739837398373,0.020703933747412,0.0652173913043478,0.014692639162416435,1.0,0.48805865918494173,False,0.00425330812854442,0.00010912501727216159,0
145,C,3,1.0,0.030801278491491266,0.012892612608759402,0.9395408196675775,0.016765289232171667,C,C,C,0.3571428571428571,0.3,0.0588235294117647,0.0824742268041237,0.0263852242744063,0.0222222222222222,0.2386554621848739,0.04369389110025074,1.0,0.3487301876620107,False,0.01671397970953087,0.000754845649666957,0
146,G,3,1.0,0.04602029383875204,0.8957819051409371,0.03819421250659987,0.02000358851371097,G,G,G,0.9431072210065646,0.9786821705426356,0.9313131313131312,0.9251012145748988,0.9520295202952028,0.9482758620689656,0.9510341742874439,0.9418021989796891,1.0,0.0,True,0.0004053892737463421,0.0001418097650577572,0
147,G,3,1.0,0.005826352973117101,0.9782709089543334,0.0008576329331046001,0.015045105139444731,G,G,G,0.997134670487106,0.9861563517915308,0.99912739965096,0.9694444444444444,1.0,0.9828473413379074,0.9941394739765324,0.9840972619274506,1.0,0.0,True,3.25269481637435e-05,0.0001563881466248557,0
148,G,3,1.0,0.011771673858301733,0.9614730253648057,0.0085980893272885,0.018157211449603968,G,G,G,0.979966611018364,0.9859571322985956,0.9976359338061466,0.9538216560509554,0.9897585954645208,0.976153846153846,0.9878532257077021,0.9732446992231075,1.0,0.0,True,5.383174640450375e-05,0.0002194755036680254,0
149,G,3,1.0,0.02174914614254687,0.9464525879608789,0.015697137580794066,0.0161011283157801,G,G,G,1.0,0.9726918075422628,0.9605978260869564,0.9487534626038782,0.97712833545108,0.9787234042553192,0.9777632112097397,0.9682017341034257,1.0,0.0,True,0.0002716147857582045,0.00018954167290843472,0
150,A,3,1.0,0.9693018459722863,0.011457358413847402,0.0,0.019240795613866133,A,A,A,0.0055020632737276,0.0126582278481012,0.0169388989715668,0.987101154107264,0.9759110562075356,0.979265402843602,0.011699730031131866,0.9807592043861338,1.0,0.5309228639887622,False,2.2259560829128995e-05,2.1985436691819462e-05,1
151,G,3,1.0,0.0,0.927130172742496,0.0279105079623883,0.044959319295115506,G,G,G,1.0,1.0,1.0,0.9291217257318952,0.9445983379501384,0.9076704545454546,1.0,0.927130172742496,1.0,0.0,True,0.0,0.00022926123711311235,0
152,T,3,1.0,0.0164545776282669,0.0111609382392305,0.0031401391657266335,0.9692443449667758,U,U,U,0.2916666666666667,0.7058823529411765,0.4193548387096774,0.0423280423280423,0.0144680851063829,0.0260504201680672,0.4723012861058402,0.027615515867497466,1.0,0.30822415434898254,False,0.029997435605247844,0.0001305876316729695,0
153,G,3,1.0,0.004068756636802733,0.9830612464762042,0.006979725748752267,0.005890271138240801,G,G,G,0.9918093819806404,0.9965729952021932,0.9993069993069992,0.9911439114391144,0.9959044368600682,0.974341661039838,0.9958964588299443,0.9871300031130068,1.0,0.0,True,9.597894993573801e-06,8.554794687078204e-05,0
154,T,3,1.0,0.009311395627591368,0.012750373279145667,0.004532290209783466,0.9734059408834793,U,U,U,0.4333333333333333,0.6956521739130435,0.8571428571428572,0.0344827586206896,0.023933402705515,0.0077691453940066,0.6620427881297447,0.022061768906737066,1.0,0.285793086609218,False,0.03050054748497454,0.00012068769514249945,0
155,G,3,1.0,0.0047442715102524995,0.9690030859994371,0.011628442779224932,0.0146241997110855,G,G,G,0.9907640638119228,0.9961627014581734,0.9984567901234568,0.9706601466992664,0.9841389728096676,0.9664429530201344,0.995127851797851,0.9737473575096894,1.0,0.0,True,1.039846326042916e-05,5.695695469258812e-05,0
156,G,3,1.0,0.0176261306070464,0.9222010371576851,0.014511104753267065,0.045661727482001396,G,G,G,0.9915254237288136,0.9864583333333332,0.9655555555555556,0.9229050279329608,0.9696969696969696,0.9268795056642636,0.9811797708725675,0.9398271677647313,1.0,0.0,True,0.00012633728631550222,0.00044873527927500977,0
157,T,3,1.0,0.006946703378875633,0.011449556031154067,0.018960707551124768,0.9626430330388455,U,U,U,0.6086956521739131,0.5909090909090909,0.6875,0.021043000914913,0.0200364298724954,0.0141093474426807,0.6290349143610013,0.0183962594100297,1.0,0.32718180754698967,False,0.0017618100796589354,9.357671318472309e-06,0
158,G,3,1.0,0.011339509879761131,0.9630823683725969,0.012987012987012965,0.012591108760628899,G,G,G,0.99490662139219,0.9836879432624114,0.9867158671586715,0.9561688311688312,0.9964664310954064,0.9706303724928368,0.9884368106044242,0.9744218782523583,1.0,0.0,True,2.245727966833519e-05,0.00027783718460262774,0
159,G,3,1.0,0.0056196896279846675,0.9484223638958684,0.020799543656557767,0.025158402819588904,G,G,G,0.9967602591792656,0.9905660377358492,0.9950787401574804,0.9507186858316222,0.9689213893967094,0.9424860853432282,0.9941350123575318,0.9540420535238532,1.0,0.0,True,6.840040961877966e-06,0.00012199326980888205,0
160,C,3,1.0,0.010048618066222167,0.004065133404092934,0.9766765208231359,0.009209727706548902,C,C,C,0.2222222222222222,0.2857142857142857,0.3846153846153846,0.0175438596491228,0.0125448028673835,0.0122525918944392,0.2975172975172975,0.014113751470315164,1.0,0.4370592577286838,False,0.004464912075819685,5.89705226794635e-06,0
161,A,3,1.0,0.9298610785224586,0.0129046127579579,0.0090857083719031,0.04814860034768023,A,A,A,0.0054644808743169,0.0035005834305717,0.0325581395348837,0.9301143583227446,0.9694570135746606,0.9287257019438444,0.013841067946590768,0.9427656912804165,1.0,0.49790157043849537,False,0.00017580719994889942,0.0003565347373307158,1
162,G,3,1.0,0.0062060188065323,0.8532900945846444,0.06159960661173697,0.07890427999708617,G,G,G,0.9931662870159452,0.992,0.9932735426008968,0.8426103646833013,0.929368029739777,0.8065099457504521,0.9928132765389474,0.8594961133911768,1.0,0.0,True,3.326266578183177e-07,0.0026582490549674257,0
163,C,3,1.0,0.0127908134751155,0.0032327874354238,0.9732140264742286,0.0107623726152319,C,C,C,0.0454545454545454,0.25,0.3888888888888889,0.0230125523012552,0.007866273352999,0.0171919770773638,0.22811447811447808,0.016023600910539334,1.0,0.4459564769726492,False,0.019897346075797264,3.8917512429999875e-05,0
164,C,3,1.0,0.03996286122933143,0.009519103939198666,0.9463604713524401,0.004157563479029634,C,C,C,0.3658536585365853,0.0588235294117647,0.0857142857142857,0.0606508875739644,0.0430379746835443,0.0447570332480818,0.17013049122087856,0.04948196516853017,1.0,0.37974835886177294,False,0.019274297907799665,6.286494090735702e-05,0
165,G,3,1.0,0.019971470243225736,0.9131395725477494,0.017133427395520467,0.049755529813504264,G,G,G,0.9760589318600368,0.9799635701275046,0.9798387096774194,0.9509632224168126,0.946551724137931,0.901818181818182,0.9786204038883203,0.9331110427909751,1.0,0.0,True,3.2831678311718677e-06,0.0004928651267753788,0
166,C,3,1.0,0.025674862988295768,0.0028125843690875335,0.9653901036630247,0.006122448979591834,C,C,C,0.074074074074074,0.05,0.1515151515151515,0.0309988518943742,0.0207900207900207,0.0336734693877551,0.0918630751964085,0.028487447357383334,1.0,0.4649120193995926,False,0.0018757786116559028,3.0817451002619914e-05,0
167,T,3,1.0,0.006499518717709766,0.009269074049308334,0.03716235213697234,0.9470690550960095,U,U,U,0.7499999999999999,0.2,0.6666666666666666,0.0239520958083832,0.0122699386503067,0.0110837438423645,0.5388888888888889,0.01576859276701813,1.0,0.3716302203634525,False,0.05858024691358022,3.371937070108049e-05,0
168,G,3,1.0,0.014414566647697899,0.9316213009993343,0.042633795546818565,0.011330336806149132,G,G,G,0.986425339366516,0.9826732673267328,0.985352862849534,0.9045020463847204,0.9865689865689866,0.9470365699873896,0.984817156514261,0.9460358676470322,1.0,0.0,True,2.489831404113052e-06,0.0011229978144549858,0
169,C,3,1.0,0.0033003300330033,0.0033106220964408666,0.9847522641411323,0.008636783729423567,C,C,C,1.0,1.0,0.4,0.0011737089201877,0.0021574973031283,0.0165016501650165,0.7999999999999999,0.006610952129444167,1.0,0.4185547590015676,False,0.08,4.907426041250535e-05,0
170,C,3,1.0,0.04841874967117254,0.003864563371788666,0.9382977082427103,0.009418978714328232,C,C,C,0.0298507462686567,0.4,0.1290322580645161,0.1063492063492063,0.0070224719101123,0.0434782608695652,0.18629433477772428,0.052283313042961264,1.0,0.36058416339222565,False,0.024474551054399732,0.0016830645009438304,0
171,G,3,1.0,0.045437765011689835,0.8796225690665752,0.033158092739208896,0.04178157318252587,G,G,G,0.9423558897243108,0.965665236051502,0.9443207126948776,0.9193548387096774,0.937625754527163,0.918200408997955,0.9507806128235634,0.9250603340782652,1.0,0.0,True,0.00011141942586978799,7.916701352200858e-05,0
172,C,3,1.0,0.016108109634992967,0.0027973386963205,0.9756863377962635,0.0054082138724228,C,C,C,0.1333333333333333,0.1428571428571428,0.3333333333333333,0.0441176470588235,0.008871989860583,0.0037267080745341,0.20317460317460312,0.018905448331313534,1.0,0.44366849231378114,False,0.00848576467624087,0.00032223980311403533,0
173,C,3,1.0,0.019384006953277966,0.0034214521795303,0.954680648806202,0.022513892060989634,C,C,C,0.1764705882352941,0.1875,0.0714285714285714,0.028380634390651,0.0206451612903225,0.0193905817174515,0.1451330532212885,0.022805459132808334,1.0,0.4528163642803559,False,0.002736449972145722,1.580361789527471e-05,0
174,G,3,1.0,0.04682726044928003,0.9099485386827603,0.024971819645732665,0.0182523812222269,G,G,G,0.982089552238806,0.938875305623472,0.9305555555555556,0.9824046920821116,0.9879227053140096,0.9,0.9505068044726112,0.9567757991320404,1.0,0.0,True,0.000510271351763641,0.0016168204285454653,0
175,A,3,1.0,0.9633042260332608,0.006925440538060933,0.015252303143022465,0.014518030285655634,A,A,A,0.015817223198594,0.0023166023166023,0.0031274433150899,0.9818809318377912,0.9700374531835206,0.9587706146926536,0.0070870896100954,0.9702296665713218,1.0,0.6001591140721028,False,3.8217193423987124e-05,8.90329327513657e-05,1
176,G,3,1.0,0.0019141193092114667,0.9266711292414627,0.031870876863767474,0.0395438745855582,G,G,G,0.9953379953379952,0.9982142857142856,1.0,0.8631790744466801,0.9621993127147768,0.960377358490566,0.9978507603507603,0.9285852485506743,1.0,0.0,True,3.688456589722259e-06,0.0021395370583268554,0
177,G,3,1.0,0.026565941905522333,0.9238048829602786,0.010222741155870933,0.03940643397832807,G,G,G,0.974934036939314,0.9766146993318484,0.9644970414201184,0.9266503667481664,0.9782135076252724,0.9462486002239642,0.9720152592304269,0.9503708248658009,1.0,0.0,True,2.8732570534566956e-05,0.00045162261751759657,0
178,C,3,1.0,0.010914531601402933,0.0035887819709600663,0.9636177500342896,0.021878936393347134,C,C,C,0.1818181818181818,0.3076923076923077,0.25,0.0142302716688227,0.0148911798396334,0.014388489208633,0.24650349650349648,0.014503313572363034,1.0,0.4468832168721615,False,0.0026468286957797463,7.939225229372781e-08,0
179,C,3,1.0,0.0217504390055419,0.0010400416016640667,0.9543825023063568,0.022827017086437196,C,C,C,0.0,0.0,0.1176470588235294,0.0212014134275618,0.0206489675516224,0.0265210608424337,0.039215686274509796,0.022790480607205964,1.0,0.4908254085305077,False,0.003075740099961553,7.0094805200429726e-06,0
180,A,3,1.0,0.9044409741254394,0.0152162484751193,0.031006426288401168,0.04933635111104004,A,A,A,0.022271714922049,0.0178890876565295,0.0093808630393996,0.8962075848303394,0.9654576856649396,0.8973063973063973,0.016513888539326033,0.9196572226005587,1.0,0.45923950503204103,False,2.8641263349379534e-05,0.0010490424399321144,1
181,A,3,1.0,0.9092693030187403,0.008746986384962433,0.03881457243076037,0.0431691381655368,A,A,A,0.0,0.0257104194857916,0.0015576323987538,0.8668831168831169,0.9647519582245432,0.9224137931034484,0.0090893506281818,0.9180162894037028,1.0,0.5664740431049791,False,0.00013853433476631105,0.0016060540369801826,1
182,A,3,1.0,0.9412794531110272,0.0135814477152529,0.0021130480718436332,0.0430260511018761,A,A,A,0.016359918200409,0.0193236714975845,0.0068728522336769,0.9278937381404174,0.9841521394611727,0.9525368248772504,0.014185480643890134,0.9548609008262802,1.0,0.4926860500668522,False,2.820123940068196e-05,0.0005302019510362901,1
183,A,3,1.0,0.9389165846444917,0.0313219379303636,0.0018656716417910335,0.0278958057833537,A,A,A,0.0347490347490347,0.019756838905775,0.0424528301886792,0.9664179104477612,0.9762611275964392,0.9680365296803652,0.032319567947829635,0.9702385225748552,1.0,0.23745897800263727,False,8.880249118802272e-05,1.8572540326363876e-05,1
184,A,3,1.0,0.9243276129757524,0.0198587984374143,0.023287203162243034,0.03252638542459003,A,A,A,0.0159574468085106,0.0144092219020172,0.0326894502228826,0.9261083743842364,0.9585635359116024,0.947887323943662,0.0210187063111368,0.9441864114131668,1.0,0.39230969877080524,False,6.850263178695694e-05,0.00018240462840709017,1
185,G,3,1.0,0.022334275186158298,0.8947676739806146,0.031341472251660535,0.05155657858156646,G,G,G,0.9846153846153848,0.9730392156862744,0.9691011235955056,0.9232954545454546,0.9357798165137616,0.8922305764411027,0.975585241299055,0.917101949166773,1.0,0.0,True,4.335650570929103e-05,0.0003352691395888926,0
186,A,3,1.0,0.9626883400939444,0.011570170071302134,0.007535787626735534,0.01820570220801763,A,A,A,0.0249702734839476,0.0075258701787394,0.002932551319648,0.9824766355140186,0.9770220588235294,0.963276836158192,0.011809564994111668,0.9742585101652468,1.0,0.5290346306721619,False,9.011855366743393e-05,6.525731647734811e-05,1
187,A,3,1.0,0.9300942117438372,0.028542512435081532,0.0066529972203935,0.03471027860068753,A,A,A,0.0331125827814569,0.0247592847317744,0.0313390313390313,0.9741935483870968,0.9466145833333334,0.9551020408163264,0.029736966284087535,0.9586367241789189,1.0,0.27158124009537155,False,1.2912904271274228e-05,0.0001330135454763448,1
188,A,3,1.0,0.9119467261575034,0.0373907685066483,0.0082632533753182,0.04239925196052993,A,A,A,0.0499075785582255,0.0376506024096385,0.0304975922953451,0.9541446208112876,0.949928469241774,0.943939393939394,0.039351924421069696,0.9493374946641518,1.0,0.16773563959008997,False,6.42385094141578e-05,1.7532401393501124e-05,1
189,G,3,1.0,0.015818498504010802,0.9275848757297521,0.025938254118466102,0.030658371647770934,G,G,G,0.9630484988452656,0.9944341372912802,0.9935205183585312,0.9840909090909092,0.952296819787986,0.8938223938223938,0.9836677181650257,0.9434033742337631,1.0,0.0,True,0.00021271521927056312,0.001397614161709998,0
190,C,3,1.0,0.032064396735649064,0.0049810326028047,0.9574306362991195,0.005523934362426634,C,C,C,0.0606060606060606,0.5333333333333333,0.0333333333333333,0.0521327014218009,0.0196335078534031,0.0393700787401574,0.20909090909090908,0.037045429338453804,1.0,0.3873312832911405,False,0.05269054178145086,0.00017873492785311864,0
191,C,3,1.0,0.034197481710195564,0.0061317636648529,0.9425758751549331,0.017094879470018202,C,C,C,0.0,0.1515151515151515,0.2051282051282051,0.0196078431372549,0.044776119402985,0.0566037735849056,0.11888111888111885,0.0403292453750485,1.0,0.4333824471626442,False,0.007545420132832718,0.00023800382259140277,0
192,G,3,1.0,0.0635390164511304,0.9050092372657693,0.013250989707046667,0.018200756576053436,G,G,G,0.9005376344086021,0.9545454545454546,0.949238578680203,0.992,0.9777777777777776,0.9358669833729216,0.9347738892114199,0.9685482537168998,1.0,0.0,True,0.00059075439336993,0.0005677446498044714,0
193,T,3,1.0,0.016682368332000867,0.014731610737149901,0.0067130500077457675,0.9618729709231034,U,U,U,0.6,0.5555555555555556,0.3333333333333333,0.0253378378378378,0.0271084337349397,0.0417956656346749,0.49629629629629624,0.0314139790691508,1.0,0.2743866404255033,False,0.013607681755829904,5.441220961086412e-05,0
194,G,3,1.0,0.0178802066515983,0.9614335557708177,0.010526315789473667,0.0101599217881103,G,G,G,0.9931600547195624,0.9835897435897436,0.9686450167973124,0.961842105263158,0.9969325153374232,0.9791666666666666,0.9817982717022061,0.9793137624224159,1.0,0.0,True,0.00010176919981681081,0.00020523363177736144,0
195,A,3,1.0,0.9635245308063949,0.005283156906145367,0.010655672817722332,0.020536639469737366,A,A,A,0.0016806722689075,0.0117801047120418,0.0026990553306342,0.9643435980551054,0.9896373056994818,0.9524421593830334,0.005386610770527833,0.9688076877125402,1.0,0.6249639713771963,False,2.0611233066823205e-05,0.0002405438664851422,1
196,A,3,1.0,0.9563970802558819,0.02148707467476797,0.004211813235303567,0.017904031834046468,A,A,A,0.01775956284153,0.0155728587319243,0.0328253223915592,0.9905277401894452,0.980370774263904,0.9627539503386005,0.022052581321671167,0.97788415493065,1.0,0.37333077371142265,False,5.882292088992059e-05,0.00013165553830073786,1
197,G,3,1.0,0.015492845553011267,0.9086904704681977,0.0299684177309333,0.04584826624785753,G,G,G,0.9842271293375394,0.9876237623762376,0.9777777777777776,0.8567567567567568,0.9758454106280192,0.9399477806788512,0.9832095564971848,0.9241833160212091,1.0,0.0,True,1.6674962694898774e-05,0.002487943753115916,0
198,G,3,1.0,0.0188723034158026,0.9645797553950413,0.0014160381428422334,0.015131903046313733,G,G,G,0.9958246346555324,0.9867877786952932,0.9597902097902098,0.9845837615621787,0.9829545454545454,0.9828178694158076,0.980800874380345,0.983452058810844,1.0,0.0,True,0.0002343348075339353,6.434889486169115e-07,0
199,A,3,1.0,0.948243298803837,0.006924133829963367,0.010129262035091567,0.034703305331107964,A,A,A,0.0079817559863169,0.0064102564102564,0.007366482504604,0.936965811965812,0.9545454545454546,0.9739910313901344,0.007252831633725767,0.9551674326338003,1.0,0.5962134933171606,False,4.180600798187457e-07,0.0002286712406077287,1
200,G,3,1.0,0.01601423908695637,0.9196750761540263,0.013720742534301833,0.0505899422247153,G,G,G,0.9792284866468844,0.9842105263157894,0.9855491329479767,0.9882697947214076,0.9200968523002422,0.8987012987012987,0.9829960486368835,0.9356893152409828,1.0,0.0,True,7.395906293532283e-06,0.0014586483634965646,0
201,T,3,1.0,0.0354907413887552,0.0023493250109685,0.011595254734014933,0.9505646788662613,U,U,U,0.075,0.0714285714285714,0.0333333333333333,0.0516129032258064,0.0292275574112734,0.0326797385620915,0.0599206349206349,0.03784006639972377,1.0,0.4724256146899395,False,0.00035556815318720116,9.683177623529297e-05,0
202,C,3,1.0,0.008109261630388368,0.0,0.9857053978345868,0.006185340535024834,C,C,C,0.0,,,0.0243277848911651,0.0,0.0,0.0,0.008109261630388368,1.0,0.5017529307769939,False,0.0,0.00013152024838017796,0
203,T,3,1.0,0.0245565539447665,0.0,0.0258251406197489,0.9496183054354845,U,U,U,0.0,0.0,0.0,0.0388548057259713,0.0063391442155309,0.0284757118927973,0.0,0.0245565539447665,1.0,0.5053081044257677,False,0.0,0.00018389127342106242,0
204,T,3,1.0,0.016145686561209134,0.0055788904678952,0.0310702788522708,0.9472051441186248,U,U,U,0.0,0.6,0.5,0.0352760736196319,0.0178784266984505,0.0120192307692307,0.3666666666666667,0.021724577029104367,1.0,0.3808394485421882,False,0.06888888888888889,9.754322607770399e-05,0
205,C,3,1.0,0.0291454452584525,0.002245658493643833,0.9592412293223509,0.0093676669255525,C,C,C,0.0666666666666666,0.0357142857142857,0.1153846153846153,0.0402144772117962,0.0272373540856031,0.02672147995889,0.07258852258852254,0.03139110375209643,1.0,0.4708583088097148,False,0.0010754277604094434,3.897031395710243e-05,0
206,T,3,1.0,0.0134567008424412,0.0047138047138047005,0.007415559152305,0.974413935291449,U,U,U,0.0,0.0,0.411764705882353,0.0073710073710073,0.0127970749542961,0.0343434343434343,0.13725490196078433,0.0181705055562459,1.0,0.4646230089612867,False,0.03767781622452904,0.0001356888476808032,0
207,A,3,1.0,0.9253015274067709,0.009692784607323235,0.024505086733058234,0.0405006012528475,A,A,A,0.0096525096525096,0.0096952908587257,0.0117820324005891,0.9184397163120568,0.96524064171123,0.921302578018996,0.010376610970608135,0.9349943120140942,1.0,0.5489060153046335,False,9.87909736525756e-07,0.00045878622626609514,1
208,T,3,1.0,0.0046243576900887335,0.012257252497349033,0.017097494751284165,0.9660208950612779,U,U,U,0.7333333333333333,0.6666666666666666,0.8,0.02868068833652,0.0137404580152671,0.0082236842105263,0.7333333333333334,0.0168816101874378,1.0,0.3154414706961728,False,0.002962962962962967,7.468158811952022e-05,0
209,C,3,1.0,0.0068630822729182995,0.019021304540430165,0.9671773076144662,0.0069383055721853005,C,C,C,1.0,0.8333333333333333,0.6206896551724138,0.0092592592592592,0.0251748251748251,0.0432190760059612,0.8180076628352491,0.0258843868133485,1.0,0.20513842592488785,False,0.02409682770364498,0.00019246326443769562,0
210,C,3,1.0,0.0332175195289492,0.018723395525686134,0.9265601182741333,0.021498966671231367,C,C,C,0.3125,0.125,0.6842105263157894,0.0981595092024539,0.0249609984399376,0.0327022375215146,0.3739035087719298,0.05194091505463536,1.0,0.22966031843993429,False,0.05400459756848259,0.001078067019586739,0
211,G,3,1.0,0.0309492017090754,0.8876492166968722,0.02164932729256383,0.05975225430148823,G,G,G,0.98,0.9675,0.952,0.8797653958944281,0.954653937947494,0.9213759213759214,0.9664999999999999,0.9185984184059478,1.0,0.0,True,0.00013116666666666694,0.0009385728831797408,0
212,A,3,1.0,0.9517192785805523,0.008248268870497732,0.023801990381797467,0.016230462167152234,A,A,A,0.0108433734939759,0.0063868613138686,0.0085877862595419,0.9529276693455798,0.970770593445527,0.9562043795620438,0.008606007022462133,0.9599675474510502,1.0,0.5766793466571167,False,3.3102494666748178e-06,6.014237301983673e-05,1
213,T,3,1.0,0.0074418084661527,0.02550726254652187,0.0220101012574868,0.9450408277298386,U,U,U,0.8387096774193549,0.6428571428571429,0.7,0.0615079365079365,0.0210526315789473,0.01628664495114,0.7271889400921658,0.0329490710126746,1.0,0.17624004156714923,False,0.006762655114074766,0.00041159017061097005,0
214,C,3,1.0,0.003876118049346367,0.018299458042248633,0.9695973445098908,0.0082270793985141,C,C,C,1.0,0.8,0.6111111111111112,0.0306946688206785,0.0122100122100122,0.0236220472440944,0.8037037037037038,0.022175576091595036,1.0,0.24419231519986695,False,0.025212620027434834,5.7993227733214656e-05,0
215,T,3,1.0,0.016284856735041667,0.016980607294164233,0.029882552108364466,0.9368519838624295,U,U,U,0.1153846153846153,0.75,1.0,0.0500963391136801,0.0181543116490166,0.0315457413249211,0.6217948717948718,0.03326546402920593,1.0,0.21183983866326894,False,0.13864234056541752,0.0001715275761820359,0
216,G,3,1.0,0.04470669695585427,0.9323995950467302,0.012873563218390801,0.0100201447790247,G,G,G,0.9503424657534246,0.9564068692206076,0.9560761346998536,0.9931972789115646,0.9960526315789474,0.9420689655172414,0.9542751565579618,0.9771062920025845,1.0,0.0,True,7.751259369249268e-06,0.0006151659634294501,0
217,T,3,1.0,0.023626325856372768,0.011040462797841667,0.009969112213716734,0.9553640991320687,U,U,U,0.1666666666666666,1.0,0.4545454545454545,0.0739436619718309,0.0130813953488372,0.0169753086419753,0.5404040404040403,0.03466678865421447,1.0,0.23509751890154096,False,0.11942658912355884,0.0007738634822597912,0
218,G,3,1.0,0.03417431975139303,0.8981802933459716,0.051370290119280064,0.016275096783355033,G,G,G,0.9959183673469388,0.9427312775330396,0.9535256410256412,0.8925318761384335,0.9605077574047954,0.9440242057488654,0.9640584286352066,0.9323546130973647,1.0,0.0,True,0.00052694756122607,0.0008382097686490665,0
219,C,3,1.0,0.017180356923110134,0.0191006322088237,0.960017810935668,0.003701199932398133,C,C,C,0.5151515151515151,0.3846153846153846,0.6923076923076924,0.068041237113402,0.0194902548725637,0.021311475409836,0.5306915306915307,0.0362809891319339,1.0,0.2290887673412101,False,0.0158998387436616,0.0005049094832964046,0
220,A,3,1.0,0.8886796820475847,0.08273000209468027,0.007567161342924966,0.021023154514809902,A,A,A,0.0534883720930232,0.0968309859154929,0.1063829787234042,0.9930715935334872,0.9742710120068612,0.9468864468864469,0.08556744557730676,0.971409684142265,1.0,0.00287997495629444,True,0.0005297402389054307,0.000359604893709127,1
221,G,3,1.0,0.0522170153347434,0.9096402504370517,0.0160708714330285,0.022071862795176336,G,G,G,0.8685258964143426,0.9818181818181818,0.99009900990099,0.9881889763779528,0.9593023255813954,0.9380804953560372,0.9468143627111715,0.9618572657717951,1.0,0.0,True,0.00307597066317769,0.0004217405047422053,0
222,G,3,1.0,0.0330367436985516,0.9538173338965729,0.0054456248924723664,0.007700297512403166,G,G,G,0.9645909645909646,0.95897903372835,0.9761904761904762,0.9903264812575574,0.9954627949183305,0.9747729566094854,0.9665868248365969,0.9868540775951246,1.0,0.0,True,5.136402099789419e-05,7.737369513846458e-05,0
223,A,3,1.0,0.949748566646616,0.014239178083824999,0.011061184683533698,0.024951070586024967,A,A,A,0.0082304526748971,0.013360739979445,0.0226537216828478,0.9504563233376792,0.9778894472361808,0.9636174636174636,0.014748304779063299,0.9639877447304412,1.0,0.4840592868147974,False,3.563444951585509e-05,0.00012549793518973733,1
224,G,3,1.0,0.026848526958723803,0.8765811481430054,0.044555376872450037,0.05201494802582074,G,G,G,0.966804979253112,0.9967320261437908,0.946127946127946,0.8827838827838828,0.9329268292682928,0.8945783132530121,0.9698883171749496,0.9034296751017292,1.0,0.0,True,0.00043154897207845643,0.00045822581697819846,0
225,A,3,1.0,0.9264591995071322,0.0394438268869554,0.011156832441669234,0.022940141164243002,A,A,A,0.0287425149700598,0.0348304307974335,0.059047619047619,0.9698025551684089,0.9654867256637168,0.9624197983501376,0.04087352160503743,0.9659030263940878,1.0,0.14961482216475264,False,0.00017132602877975613,9.170836188675509e-06,1
226,C,3,1.0,0.010486145936456033,0.013028161071533666,0.9649194037175411,0.011566289274469033,C,C,C,1.0,0.6666666666666666,0.4444444444444444,0.0065217391304347,0.0184899845916795,0.0455311973018549,0.7037037037037036,0.0235143070079897,1.0,0.26053121904623944,False,0.05212620027434842,0.0002662448790094823,0
227,C,3,1.0,0.06086394146285251,0.0071539991989614,0.9300665177961589,0.0019155415420270664,C,C,C,0.0869565217391304,0.1142857142857143,0.1290322580645161,0.0968421052631579,0.053763440860215,0.0534482758620689,0.11009149802978695,0.06801794066181394,1.0,0.39769868587739465,False,0.00030385698955463954,0.000415432787312028,0
228,G,3,1.0,0.06844645539346322,0.8908457064769499,0.009543043136421467,0.03116479499316523,G,G,G,0.9335180055401662,0.9038076152304608,0.9495412844036696,0.9376623376623376,0.9861660079051384,0.9540481400437636,0.9289556350580989,0.9592921618704132,1.0,0.0,True,0.0003590023615485704,0.0004058508869629151,0
229,T,3,1.0,0.026764543866668,0.006299539124631701,0.0342589773395642,0.932676939669136,U,U,U,0.0555555555555555,0.125,0.3809523809523809,0.0378151260504201,0.0257234726688102,0.0356536502546689,0.18716931216931212,0.03306408299129973,1.0,0.41027129338301904,False,0.019579694017524702,2.772094288925634e-05,0
230,A,3,1.0,0.9567925566794678,0.0019723865877712,0.014438179828449601,0.026796876904311363,A,A,A,0.0,0.0,0.006060606060606,0.9457735247208932,0.9541899441340782,0.9763313609467456,0.002020202020202,0.9587649432672389,1.0,0.6710794964797365,False,8.162432404856484e-06,0.00016609553433521374,1
231,C,3,1.0,0.014975227860351534,0.0034812880765883332,0.9518763471929517,0.02966713687010843,C,C,C,1.0,0.0,0.0,0.010443864229765,0.026595744680851,0.0183299389002036,0.3333333333333333,0.018456515936939866,1.0,0.4077556227757845,False,0.22222222222222224,4.34885512241435e-05,0
232,T,3,1.0,0.024914541780053368,0.010164358601177767,0.02916101238607023,0.9357600872326985,U,U,U,0.3333333333333333,0.32,0.2173913043478261,0.036144578313253,0.0333778371161548,0.0357142857142857,0.2902415458937198,0.03507890038123116,1.0,0.3506106302046146,False,0.0026832084762771578,1.4776667360171354e-06,0
233,C,3,1.0,0.024258924958939467,0.0035978116540464327,0.9619207167179263,0.010222546669087633,C,C,C,0.0666666666666666,0.2352941176470588,0.1666666666666666,0.046801872074883,0.0225165562913907,0.014251781472684,0.15620915032679736,0.027856736612985895,1.0,0.43761849868328606,False,0.004793882694690078,0.00019084349596880357,0
234,C,3,1.0,0.10385541101847895,0.0030493671022904997,0.8781484819032777,0.0149467399759527,C,C,C,0.0,0.08,0.0136986301369863,0.1002227171492204,0.0924214417744916,0.1280701754385965,0.03123287671232877,0.1069047781207695,1.0,0.47045275821021426,False,0.0012203915681491212,0.00023413033805613084,0
235,C,3,1.0,0.09118847065017106,0.0028735632183908,0.8917346670176362,0.014203299113801833,C,C,C,0.0799999999999999,0.0,0.0,0.1077586206896551,0.0744274809160305,0.1,0.026666666666666634,0.09406203386856186,1.0,0.4807629448920929,False,0.0014222222222222188,0.0002027905339905364,0
236,C,3,1.0,0.04784895251293203,0.007940328869299833,0.9226877793449716,0.021522939272796467,C,C,C,0.5,0.0,0.1333333333333333,0.0288184438040345,0.0679611650485436,0.0705882352941176,0.2111111111111111,0.0557892813822319,1.0,0.33156759496336397,False,0.044691358024691354,0.00036486328951394927,0
237,A,3,1.0,0.9411351536970286,0.0118444642537985,0.0173672776359916,0.02965310441318113,A,A,A,0.0248868778280543,0.0077972709551656,0.0041580041580041,0.9714285714285714,0.9642857142857144,0.9232245681381958,0.012280717647074668,0.9529796179508273,1.0,0.5213309209929159,False,8.166501439107859e-05,0.00045118489603663306,1
238,T,3,1.0,0.054240380934645165,0.0022988505747126332,0.026740820633787465,0.9167199478568547,U,U,U,0.0909090909090909,0.0,0.0,0.0758620689655172,0.0284090909090909,0.0653465346534653,0.0303030303030303,0.0565392315093578,1.0,0.4851918167070718,False,0.0018365472910927452,0.00041408181540671546,0
239,C,3,1.0,0.042481310569601666,0.004115190280089933,0.9475220211303332,0.005881478019975,C,C,C,0.1481481481481481,0.125,0.0,0.0534653465346534,0.0353982300884955,0.0509259259259259,0.09104938271604938,0.0465965008496916,1.0,0.44332316310205233,False,0.004234301173601584,6.37754101918681e-05,0
240,A,3,1.0,0.928201024972227,0.017804220858192832,0.020913303046545765,0.03308145112303434,A,A,A,0.040506329113924,0.010593220338983,0.0046296296296296,0.9634146341463414,0.9574036511156186,0.9171974522292994,0.0185763930275122,0.9460052458304199,1.0,0.42761436689102994,False,0.00024638845073516767,0.0004209664722483174,1
241,A,3,1.0,0.939209203493078,0.028068845343663096,0.017329678836439433,0.015392272326819398,A,A,A,0.0454545454545454,0.0122950819672131,0.0292792792792792,0.9658536585365852,0.9644268774703556,0.9715536105032824,0.029009635567012568,0.9672780488367411,1.0,0.2790407519062543,False,0.00018329469032706978,9.47949781735729e-06,1
242,G,3,1.0,0.0362533168815781,0.9195807050428931,0.006973500697350067,0.03719247737817873,G,G,G,0.9331619537275064,0.9871244635193134,0.9648711943793912,0.9373493975903614,0.9748953974895398,0.9552572706935124,0.9617192038754037,0.9558340219244713,1.0,0.0,True,0.0004902929325737571,0.00023511667239605694,0
243,A,3,1.0,0.9706161698553298,0.0050529879209043,0.007260838084894501,0.017070004138871234,A,A,A,0.0034762456546929,0.0040883074407195,0.0079858030168589,0.970753655793026,0.9847020933977456,0.971551724137931,0.005183452037423766,0.9756691577762342,1.0,0.628786086159863,False,3.989022110956203e-06,4.0903115151708174e-05,0
244,A,3,1.0,0.9622535975466212,0.0081618358420816,0.005287918487265734,0.024296648124031334,A,A,A,0.0,0.0143581081081081,0.0105263157894736,0.946094609460946,0.9916247906197656,0.9735269000853972,0.008294807965860566,0.9704154333887031,1.0,0.5821725721615888,False,3.6849024990776354e-05,0.00035034017856147353,0
