master,n_reps,frac_reps_ok,R_i_avg,R_i_var,w_i_avg,w_i_var,0,0,1,2,3,rep1,R_i_rep1,w_i_rep1,edit_p,edit_bool
A,0,0.0,,,,,,,,,,,,,,False
U,1,1.0,,0.0,,0.0,0.0,0.052664576802507836,0.05893416927899686,0.38746081504702196,0.5009404388714733,U,0.5280898876404495,0.11159874608150469,,False
G,1,1.0,,0.0,,0.0,0.0,0.021934758155230598,0.640607424071991,0.048368953880764905,0.2890888638920135,G,0.966893039049236,0.6625421822272216,,False
C,1,1.0,,0.0,,0.0,0.0,0.24369189907038513,0.02656042496679947,0.5697211155378487,0.1600265604249668,C,0.09828009828009829,0.2702523240371846,,False
C,1,1.0,0.9874999999999999,0.0,0.1938610662358643,0.0,1.0,0.0024232633279483036,0.19143780290791598,0.7794830371567044,0.02665589660743134,C,0.9874999999999999,0.1938610662358643,4.118927421359331e-14,False
U,1,1.0,,0.0,,0.0,0.0,0.04840370751802266,0.014418125643666324,0.243048403707518,0.694129763130793,U,0.2295081967213115,0.06282183316168898,,False
U,1,1.0,0.5593220338983051,0.0,0.040943789035392086,0.0,1.0,0.018043025676613464,0.022900763358778626,0.015961138098542677,0.9430950728660652,U,0.5593220338983051,0.040943789035392086,0.1884679321384677,False
U,1,1.0,0.2535211267605634,0.0,0.05551211884284597,0.0,1.0,0.04143862392494136,0.014073494917904612,0.03049257232212666,0.9139953088350273,U,0.2535211267605634,0.05551211884284597,0.29925733693092205,False
U,1,1.0,0.14285714285714285,0.0,0.058333333333333334,0.0,1.0,0.05,0.008333333333333333,0.020370370370370372,0.9212962962962963,U,0.14285714285714285,0.058333333333333334,0.38285860519052917,False
C,1,1.0,,0.0,,0.0,0.0,0.18610223642172524,0.0,0.610223642172524,0.2036741214057508,C,0.0,0.18610223642172524,,False
A,1,1.0,0.030439684329199548,0.0,0.7794376098418277,0.0,1.0,0.7557117750439367,0.023725834797891036,0.18629173989455183,0.03427065026362039,A,0.030439684329199548,0.7794376098418277,0.30291345459470165,False
A,1,1.0,0.03600654664484452,0.0,0.9539422326307573,0.0,1.0,0.9195940671350508,0.03434816549570648,0.00078064012490242,0.04527712724434036,A,0.03600654664484452,0.9539422326307573,0.20000436666609045,False
A,0,0.0,,,,,,,,,,,,,,False
C,1,1.0,,0.0,,0.0,0.0,0.18973418881759854,0.015582034830430797,0.7442713107241063,0.05041246562786435,C,0.07589285714285714,0.20531622364802934,,False
U,1,1.0,,0.0,,0.0,0.0,0.07684729064039408,0.0019704433497536944,0.20295566502463055,0.7182266009852217,U,0.024999999999999998,0.07881773399014778,,False
U,1,1.0,0.01639344262295082,0.0,0.053791887125220456,0.0,1.0,0.05291005291005291,0.0008818342151675485,0.0,0.9462081128747796,U,0.01639344262295082,0.053791887125220456,0.4977139463611129,False
C,1,1.0,0.1395348837209302,0.0,0.03539094650205762,0.0,1.0,0.030452674897119343,0.0049382716049382715,0.8748971193415638,0.0897119341563786,C,0.1395348837209302,0.03539094650205762,0.43009365809176936,False
G,1,1.0,,0.0,,0.0,0.0,0.01155115511551155,0.5841584158415841,0.35313531353135313,0.05115511551155116,G,0.9806094182825486,0.5957095709570956,,False
C,1,1.0,0.8437500000000001,0.0,0.08194622279129321,0.0,1.0,0.012804097311139564,0.06914212548015365,0.9154929577464789,0.002560819462227913,C,0.8437500000000001,0.08194622279129321,0.0035702719142804984,False
C,1,1.0,0.1796875,0.0,0.11307420494699646,0.0,1.0,0.09275618374558305,0.020318021201413426,0.8816254416961131,0.00530035335689046,C,0.1796875,0.11307420494699646,0.2289457117756234,False
A,1,1.0,,0.0,,0.0,0.0,0.5538922155688623,0.03493013972055888,0.38922155688622756,0.021956087824351298,A,0.059322033898305086,0.5888223552894212,,False
G,1,1.0,0.9076376554174067,0.0,0.9367720465890184,0.0,1.0,0.08652246256239601,0.8502495840266223,0.03161397670549085,0.03161397670549085,G,0.9076376554174067,0.9367720465890184,0.0,False
G,1,1.0,0.9788484136310223,0.0,0.9929988331388565,0.0,1.0,0.021003500583430573,0.9719953325554259,0.003500583430571762,0.003500583430571762,G,0.9788484136310223,0.9929988331388565,0.0,False
G,1,1.0,0.9860262008733625,0.0,0.9991273996509599,0.0,1.0,0.013961605584642234,0.9851657940663177,0.0008726003490401396,0.0,G,0.9860262008733625,0.9991273996509599,0.0,False
G,1,1.0,1.0,0.0,0.984375,0.0,1.0,0.0,0.984375,0.0,0.015625,G,1.0,0.984375,0.0,False
G,1,1.0,0.9930252833478639,0.0,0.9991289198606272,0.0,1.0,0.006968641114982578,0.9921602787456446,0.0,0.0008710801393728223,G,0.9930252833478639,0.9991289198606272,0.0,False
C,1,1.0,0.9637681159420289,0.0,0.1335914811229429,0.0,1.0,0.00484027105517909,0.1287512100677638,0.8576960309777347,0.008712487899322363,C,0.9637681159420289,0.1335914811229429,2.5860610297634423e-07,False
A,1,1.0,0.05773955773955774,0.0,0.891566265060241,0.0,1.0,0.8400876232201533,0.05147864184008762,0.07119386637458927,0.03723986856516977,A,0.05773955773955774,0.891566265060241,0.06022039294811388,False
A,1,1.0,0.05831265508684863,0.0,0.9549763033175356,0.0,1.0,0.8992890995260664,0.05568720379146919,0.0,0.045023696682464455,A,0.05831265508684863,0.9549763033175356,0.045992422226352137,True
G,1,1.0,0.9346153846153846,0.0,0.9948979591836734,0.0,1.0,0.06505102040816327,0.9298469387755102,0.0,0.00510204081632653,G,0.9346153846153846,0.9948979591836734,0.0,False
G,1,1.0,0.9916341327384272,0.0,0.9840834248079035,0.0,1.0,0.00823271130625686,0.9758507135016465,0.0,0.015916575192096598,G,0.9916341327384272,0.9840834248079035,0.0,False
C,1,1.0,1.0,0.0,0.09364548494983277,0.0,1.0,0.0,0.09364548494983277,0.8929765886287625,0.013377926421404682,C,1.0,0.09364548494983277,0.00012959532229250836,False
U,1,1.0,0.3636363636363637,0.0,0.08009708737864077,0.0,1.0,0.050970873786407765,0.02912621359223301,0.05825242718446602,0.8616504854368932,U,0.3636363636363637,0.08009708737864077,0.1338095732683523,False
G,1,1.0,0.9986486486486487,0.0,0.9079754601226994,0.0,1.0,0.001226993865030675,0.9067484662576687,0.0,0.09202453987730061,G,0.9986486486486487,0.9079754601226994,0.0,False
A,1,1.0,0.04509090909090909,0.0,0.9595254710397766,0.0,1.0,0.9162595952547103,0.04326587578506629,0.0,0.040474528960223306,A,0.04509090909090909,0.9595254710397766,0.11677142759768488,False
G,1,1.0,,0.0,,0.0,0.0,0.3730834752981261,0.5689948892674617,0.05792163543441227,0.0,G,0.6039783001808319,0.9420783645655877,,False
G,1,1.0,0.9951612903225806,0.0,1.0,0.0,1.0,0.004838709677419355,0.9951612903225806,0.0,0.0,G,0.9951612903225806,1.0,0.0,False
G,1,1.0,0.9720101781170484,0.0,1.0,0.0,1.0,0.027989821882951654,0.9720101781170484,0.0,0.0,G,0.9720101781170484,1.0,0.0,False
G,1,1.0,0.9941860465116279,0.0,0.9690140845070423,0.0,1.0,0.005633802816901409,0.9633802816901409,0.0,0.030985915492957747,G,0.9941860465116279,0.9690140845070423,0.0,False
G,1,1.0,0.9946555819477435,0.0,0.9606389047347405,0.0,1.0,0.00513405590416429,0.9555048488305762,0.03137478608100399,0.007986309184255563,G,0.9946555819477435,0.9606389047347405,0.0,False
G,1,1.0,0.9734466277217207,0.0,0.9978802331743508,0.0,1.0,0.026497085320614733,0.9713831478537361,0.0,0.0021197668256491787,G,0.9734466277217207,0.9978802331743508,0.0,False
U,1,1.0,0.9022556390977444,0.0,0.09359605911330049,0.0,1.0,0.009148486980999296,0.0844475721323012,0.003518648838845883,0.9028852920478536,U,0.9022556390977444,0.09359605911330049,0.0005022801817334832,False
G,1,1.0,0.9919404835709857,0.0,0.9488235294117647,0.0,1.0,0.007647058823529412,0.9411764705882353,0.015294117647058824,0.03588235294117647,G,0.9919404835709857,0.9488235294117647,0.0,False
G,1,1.0,0.9963570127504554,0.0,0.9688235294117648,0.0,1.0,0.0035294117647058825,0.9652941176470589,0.01647058823529412,0.014705882352941176,G,0.9963570127504554,0.9688235294117648,0.0,False
G,1,1.0,0.9851208927464352,0.0,0.9781685870224378,0.0,1.0,0.014554275318374773,0.9636143117040631,0.012734990903577926,0.009096422073984234,G,0.9851208927464352,0.9781685870224378,0.0,False
G,1,1.0,0.9951590594744122,0.0,0.9843430905377808,0.0,1.0,0.004765146358066712,0.9795779441797141,0.006126616746085773,0.009530292716133424,G,0.9951590594744122,0.9843430905377808,0.0,False
C,1,1.0,0.9120879120879121,0.0,0.07679324894514768,0.0,1.0,0.006751054852320675,0.070042194092827,0.920675105485232,0.002531645569620253,C,0.9120879120879121,0.07679324894514768,0.003180112252308853,False
C,1,1.0,0.525,0.0,0.03542958370239149,0.0,1.0,0.01682905225863596,0.018600531443755536,0.9530558015943312,0.011514614703277236,C,0.525,0.03542958370239149,0.23685158543924023,False
A,1,1.0,0.03497409326424871,0.0,0.8364030335861321,0.0,1.0,0.8071505958829902,0.02925243770314193,0.13759479956663057,0.02600216684723727,A,0.03497409326424871,0.8364030335861321,0.24079299242568608,False
C,1,1.0,0.23529411764705885,0.0,0.09595484477892756,0.0,1.0,0.07337723424270931,0.022577610536218252,0.8598306679209784,0.04421448730009407,C,0.23529411764705885,0.09595484477892756,0.20018299448804666,False
C,1,1.0,0.11904761904761905,0.0,0.10552763819095477,0.0,1.0,0.09296482412060302,0.01256281407035176,0.8680904522613065,0.026381909547738693,C,0.11904761904761905,0.10552763819095477,0.3300813464493382,False
A,1,1.0,0.0994671403197158,0.0,0.8065902578796562,0.0,1.0,0.7263610315186246,0.08022922636103152,0.1017191977077364,0.09169054441260745,A,0.0994671403197158,0.8065902578796562,0.003108835358906381,True
C,1,1.0,1.0,0.0,0.043478260869565216,0.0,1.0,0.0,0.043478260869565216,0.9318840579710145,0.02463768115942029,C,1.0,0.043478260869565216,0.04493940220393111,False
A,1,1.0,0.010033444816053512,0.0,0.7983978638184246,0.0,1.0,0.7903871829105474,0.00801068090787717,0.17757009345794392,0.02403204272363151,A,0.010033444816053512,0.7983978638184246,0.5460863659311584,False
U,1,1.0,0.0,0.0,0.038318912237330034,0.0,1.0,0.038318912237330034,0.0,0.021013597033374538,0.9406674907292955,U,0.0,0.038318912237330034,0.5082826025268016,False
C,1,1.0,0.0,0.0,0.02023121387283237,0.0,1.0,0.02023121387283237,0.0,0.9614643545279383,0.018304431599229287,C,0.0,0.02023121387283237,0.5043731874636641,False
C,1,1.0,0.0,0.0,0.058981233243967826,0.0,1.0,0.058981233243967826,0.0,0.9061662198391421,0.03485254691689008,C,0.0,0.058981233243967826,0.5127474928526115,False
A,1,1.0,0.0,0.0,0.7662517289073306,0.0,1.0,0.7662517289073306,0.0,0.1825726141078838,0.051175656984785614,A,0.0,0.7662517289073306,0.6609983695299391,False
C,1,1.0,0.0625,0.0,0.018912529550827423,0.0,1.0,0.01773049645390071,0.001182033096926714,0.9633569739952719,0.01773049645390071,C,0.0625,0.018912529550827423,0.48544080746852925,False
C,1,1.0,0.026315789473684213,0.0,0.10903873744619799,0.0,1.0,0.10616929698708752,0.0028694404591104736,0.8852223816355811,0.005738880918220947,C,0.026315789473684213,0.10903873744619799,0.4783057161503932,False
C,1,1.0,0.2857142857142857,0.0,0.06533333333333334,0.0,1.0,0.04666666666666667,0.018666666666666668,0.9306666666666666,0.004,C,0.2857142857142857,0.06533333333333334,0.24106548887605606,False
A,0,0.0,,,,,,,,,,,,,,False
G,1,1.0,1.0,0.0,0.9542168674698795,0.0,1.0,0.0,0.9542168674698795,0.03132530120481928,0.014457831325301205,G,1.0,0.9542168674698795,0.0,False
G,0,0.0,,,,,,,,,,,,,,False
U,1,1.0,0.6976744186046512,0.0,0.05779569892473118,0.0,1.0,0.01747311827956989,0.04032258064516129,0.0,0.9422043010752689,U,0.6976744186046512,0.05779569892473118,0.05897102431286538,False
C,1,1.0,0.423728813559322,0.0,0.07365792759051186,0.0,1.0,0.04244694132334582,0.031210986267166042,0.8639200998751561,0.062421972534332085,C,0.423728813559322,0.07365792759051186,0.11614017931830645,False
A,1,1.0,0.0377643504531722,0.0,0.8244084682440846,0.0,1.0,0.7932752179327521,0.031133250311332503,0.16313823163138233,0.012453300124533,A,0.0377643504531722,0.8244084682440846,0.21633214351530894,False
U,1,1.0,0.06818181818181818,0.0,0.14814814814814817,0.0,1.0,0.13804713804713806,0.010101010101010102,0.021885521885521887,0.82996632996633,U,0.06818181818181818,0.14814814814814817,0.3747765172755073,False
G,1,1.0,0.9736024844720497,0.0,0.9449743213499634,0.0,1.0,0.024944974321349962,0.9200293470286134,0.024944974321349962,0.03008070432868672,G,0.9736024844720497,0.9449743213499634,0.0,False
G,1,1.0,0.9754500818330605,0.0,0.9713831478537361,0.0,1.0,0.02384737678855326,0.9475357710651828,0.0047694753577106515,0.02384737678855326,G,0.9754500818330605,0.9713831478537361,0.0,False
U,1,1.0,0.2857142857142857,0.0,0.021374045801526718,0.0,1.0,0.015267175572519083,0.0061068702290076335,0.0,0.9786259541984733,U,0.2857142857142857,0.021374045801526718,0.4090654650430583,False
G,1,1.0,0.9781659388646288,0.0,0.9051383399209486,0.0,1.0,0.019762845849802372,0.8853754940711462,0.030303030303030304,0.06455862977602109,G,0.9781659388646288,0.9051383399209486,0.0,False
A,1,1.0,0.008519701810436634,0.0,0.9343283582089552,0.0,1.0,0.9263681592039801,0.007960199004975124,0.050746268656716415,0.014925373134328358,A,0.008519701810436634,0.9343283582089552,0.5759053835370544,False
U,1,1.0,0.05504587155963303,0.0,0.14749661705006764,0.0,1.0,0.13937753721244925,0.008119079837618403,0.0,0.8525033829499323,U,0.05504587155963303,0.14749661705006764,0.4047019653253593,False
C,1,1.0,0.07317073170731707,0.0,0.06110283159463487,0.0,1.0,0.05663189269746647,0.004470938897168405,0.9225037257824144,0.01639344262295082,C,0.07317073170731707,0.06110283159463487,0.4428605759598663,False
A,1,1.0,0.008960573476702509,0.0,0.8773584905660378,0.0,1.0,0.8694968553459119,0.007861635220125786,0.10377358490566038,0.018867924528301886,A,0.008960573476702509,0.8773584905660378,0.5653150079474151,False
A,1,1.0,0.039999999999999994,0.0,0.9583333333333334,0.0,1.0,0.92,0.03833333333333333,0.0033333333333333335,0.03833333333333333,A,0.039999999999999994,0.9583333333333334,0.15942047408444582,False
A,1,1.0,0.0,0.0,0.8962536023054755,0.0,1.0,0.8962536023054755,0.0,0.004322766570605188,0.0994236311239193,A,0.0,0.8962536023054755,0.6863853150433431,False
C,1,1.0,0.03571428571428571,0.0,0.03910614525139665,0.0,1.0,0.03770949720670391,0.0013966480446927375,0.9203910614525139,0.040502793296089384,C,0.03571428571428571,0.03910614525139665,0.4864190552264762,False
G,1,1.0,0.9113300492610837,0.0,0.9643705463182898,0.0,1.0,0.0855106888361045,0.8788598574821853,0.030878859857482184,0.004750593824228029,G,0.9113300492610837,0.9643705463182898,0.0,False
C,1,1.0,0.0909090909090909,0.0,0.012746234067207417,0.0,1.0,0.011587485515643106,0.0011587485515643105,0.9768250289687138,0.010428736964078795,C,0.0909090909090909,0.012746234067207417,0.48447595242007857,False
C,1,1.0,0.10869565217391304,0.0,0.06695778748180495,0.0,1.0,0.05967976710334789,0.00727802037845706,0.9330422125181951,0.0,C,0.10869565217391304,0.06695778748180495,0.40068668178897626,False
C,1,1.0,0.0,0.0,0.10598290598290598,0.0,1.0,0.10598290598290598,0.0,0.8752136752136752,0.018803418803418803,C,0.0,0.10598290598290598,0.5228971814734613,False
C,1,1.0,0.0,0.0,0.03815580286168521,0.0,1.0,0.03815580286168521,0.0,0.9379968203497615,0.02384737678855326,C,0.0,0.03815580286168521,0.5082473515981274,False
G,1,1.0,0.9432624113475178,0.0,0.9096774193548387,0.0,1.0,0.05161290322580645,0.8580645161290322,0.07526881720430108,0.015053763440860216,G,0.9432624113475178,0.9096774193548387,0.0,False
G,1,1.0,0.9957537154989384,0.0,0.9671457905544147,0.0,1.0,0.004106776180698152,0.9630390143737166,0.022587268993839837,0.01026694045174538,G,0.9957537154989384,0.9671457905544147,0.0,False
C,1,1.0,1.0,0.0,0.009230769230769232,0.0,1.0,0.0,0.009230769230769232,0.9907692307692307,0.0,C,1.0,0.009230769230769232,0.35939298931400077,False
A,1,1.0,0.2026726057906459,0.0,0.9200819672131147,0.0,1.0,0.7336065573770492,0.1864754098360656,0.06967213114754098,0.010245901639344262,A,0.2026726057906459,0.9200819672131147,3.062883280335882e-12,True
G,1,1.0,0.9634146341463415,0.0,0.9975669099756691,0.0,1.0,0.0364963503649635,0.9610705596107056,0.0,0.0024330900243309003,G,0.9634146341463415,0.9975669099756691,0.0,False
G,1,1.0,0.9872922776148583,0.0,0.9817658349328215,0.0,1.0,0.012476007677543186,0.9692898272552783,0.0009596928982725527,0.01727447216890595,G,0.9872922776148583,0.9817658349328215,0.0,False
A,1,1.0,0.047839506172839504,0.0,0.9863013698630136,0.0,1.0,0.939117199391172,0.0471841704718417,0.0,0.0136986301369863,A,0.047839506172839504,0.9863013698630136,0.0914719910117966,False
A,1,1.0,0.10793650793650794,0.0,0.9531013615733737,0.0,1.0,0.8502269288956127,0.10287443267776097,0.024205748865355523,0.0226928895612708,A,0.10793650793650794,0.9531013615733737,0.00019092264293174566,True
G,1,1.0,0.9138381201044387,0.0,0.9871134020618557,0.0,1.0,0.08505154639175258,0.9020618556701031,0.007731958762886598,0.005154639175257732,G,0.9138381201044387,0.9871134020618557,0.0,False
U,1,1.0,0.04651162790697674,0.0,0.05354919053549191,0.0,1.0,0.05105853051058531,0.0024906600249066002,0.0,0.9464508094645081,U,0.04651162790697674,0.05354919053549191,0.4722989940832072,False
G,1,1.0,0.9892307692307692,0.0,0.9643916913946587,0.0,1.0,0.010385756676557863,0.9540059347181009,0.032640949554896145,0.002967359050445104,G,0.9892307692307692,0.9643916913946587,0.0,False
A,1,1.0,0.17513134851138354,0.0,0.9760683760683762,0.0,1.0,0.8051282051282052,0.17094017094017094,0.006837606837606838,0.017094017094017096,A,0.17513134851138354,0.9760683760683762,2.3036661467301656e-10,True
A,1,1.0,0.08843537414965985,0.0,0.9582790091264668,0.0,1.0,0.8735332464146024,0.0847457627118644,0.02607561929595828,0.01564537157757497,A,0.08843537414965985,0.9582790091264668,0.0023091611010275237,True
A,1,1.0,0.03697183098591549,0.0,0.9205834683954619,0.0,1.0,0.8865478119935171,0.03403565640194489,0.03727714748784441,0.04213938411669368,A,0.03697183098591549,0.9205834683954619,0.19840812640034777,False
A,1,1.0,0.03225806451612903,0.0,0.9531478770131772,0.0,1.0,0.9224011713030746,0.03074670571010249,0.0,0.04685212298682284,A,0.03225806451612903,0.9531478770131772,0.24208988820832766,False
G,1,1.0,0.9817708333333334,0.0,0.9696969696969696,0.0,1.0,0.017676767676767676,0.952020202020202,0.0025252525252525255,0.027777777777777776,G,0.9817708333333334,0.9696969696969696,0.0,False
C,1,1.0,0.10526315789473684,0.0,0.0290519877675841,0.0,1.0,0.02599388379204893,0.0030581039755351682,0.9694189602446484,0.0015290519877675841,C,0.10526315789473684,0.0290519877675841,0.4581051826093092,False
U,1,1.0,0.020833333333333336,0.0,0.07986688851913477,0.0,1.0,0.07820299500831947,0.0016638935108153079,0.013311148086522463,0.9068219633943427,U,0.020833333333333336,0.07986688851913477,0.49101150835276564,False
G,1,1.0,0.9899396378269617,0.0,0.9979919678714859,0.0,1.0,0.010040160642570281,0.9879518072289156,0.002008032128514056,0.0,G,0.9899396378269617,0.9979919678714859,0.0,False
A,1,1.0,0.01590106007067138,0.0,0.9544688026981449,0.0,1.0,0.93929173693086,0.01517706576728499,0.03794266441821248,0.007588532883642495,A,0.01590106007067138,0.9544688026981449,0.4668900576210355,False
G,1,1.0,0.9130434782608695,0.0,0.9440298507462687,0.0,1.0,0.08208955223880597,0.8619402985074627,0.041044776119402986,0.014925373134328358,G,0.9130434782608695,0.9440298507462687,0.0,False
G,1,1.0,0.9926793557833089,0.0,0.9446749654218534,0.0,1.0,0.006915629322268326,0.9377593360995851,0.0,0.05532503457814661,G,0.9926793557833089,0.9446749654218534,0.0,False
C,1,1.0,0.14285714285714288,0.0,0.011532125205930806,0.0,1.0,0.009884678747940691,0.0016474464579901153,0.9802306425041186,0.008237232289950576,C,0.14285714285714288,0.011532125205930806,0.4765122760784044,False
C,1,1.0,0.024390243902439025,0.0,0.07360861759425494,0.0,1.0,0.0718132854578097,0.0017953321364452424,0.926391382405745,0.0,C,0.024390243902439025,0.07360861759425494,0.4875860367570999,False
G,1,1.0,0.9845679012345679,0.0,0.9126760563380282,0.0,1.0,0.014084507042253521,0.8985915492957747,0.08732394366197183,0.0,G,0.9845679012345679,0.9126760563380282,0.0,False
A,1,1.0,0.001148105625717566,0.0,0.9581958195819582,0.0,1.0,0.9570957095709571,0.0011001100110011,0.006600660066006601,0.0352035203520352,A,0.001148105625717566,0.9581958195819582,0.6828499357963632,False
C,1,1.0,0.0,0.0,0.028513238289205704,0.0,1.0,0.028513238289205704,0.0,0.9226069246435845,0.048879837067209775,C,0.0,0.028513238289205704,0.5061633114984395,False
C,1,1.0,0.0,0.0,0.11531190926275993,0.0,1.0,0.11531190926275993,0.0,0.8638941398865785,0.020793950850661626,C,0.0,0.11531190926275993,0.5249101598614063,False
C,1,1.0,0.11538461538461538,0.0,0.04421768707482993,0.0,1.0,0.0391156462585034,0.00510204081632653,0.9302721088435374,0.025510204081632654,C,0.11538461538461538,0.04421768707482993,0.4294281688350231,False
U,1,1.0,0.3235294117647059,0.0,0.06653620352250489,0.0,1.0,0.04500978473581213,0.021526418786692758,0.0136986301369863,0.9197651663405088,U,0.3235294117647059,0.06653620352250489,0.20744093875269165,False
C,1,1.0,0.29411764705882354,0.0,0.059233449477351915,0.0,1.0,0.041811846689895474,0.017421602787456445,0.9407665505226481,0.0,C,0.29411764705882354,0.059233449477351915,0.2556093216388222,False
A,1,1.0,0.030660377358490566,0.0,0.9002123142250531,0.0,1.0,0.8726114649681529,0.027600849256900213,0.05307855626326964,0.04670912951167728,A,0.030660377358490566,0.9002123142250531,0.2729690945202914,False
G,1,1.0,,0.0,,0.0,0.0,0.0,0.7511520737327189,0.11059907834101383,0.1382488479262673,G,1.0,0.7511520737327189,,False
G,1,1.0,0.986159169550173,0.0,0.9689857502095557,0.0,1.0,0.013411567476948869,0.9555741827326069,0.008382229673093043,0.022632020117351215,G,0.986159169550173,0.9689857502095557,0.0,False
C,1,1.0,0.8571428571428571,0.0,0.011363636363636364,0.0,1.0,0.0016233766233766235,0.00974025974025974,0.9318181818181818,0.056818181818181816,C,0.8571428571428571,0.011363636363636364,0.3523154152708351,False
C,1,1.0,0.2173913043478261,0.0,0.04457364341085271,0.0,1.0,0.03488372093023256,0.009689922480620155,0.8972868217054264,0.05813953488372093,C,0.2173913043478261,0.04457364341085271,0.35976340765478754,False
A,1,1.0,0.02403846153846154,0.0,0.9122807017543859,0.0,1.0,0.8903508771929824,0.021929824561403508,0.05921052631578947,0.02850877192982456,A,0.02403846153846154,0.9122807017543859,0.3545647001662029,False
U,1,1.0,0.0,0.0,0.015486725663716814,0.0,1.0,0.015486725663716814,0.0,0.030973451327433628,0.9535398230088495,U,0.0,0.015486725663716814,0.5033476447114218,False
U,1,1.0,0.0,0.0,0.04203821656050955,0.0,1.0,0.04203821656050955,0.0,0.005095541401273885,0.9528662420382166,U,0.0,0.04203821656050955,0.5090863943325333,False
C,1,1.0,0.0,0.0,0.05023547880690738,0.0,1.0,0.05023547880690738,0.0,0.9230769230769231,0.026687598116169546,C,0.0,0.05023547880690738,0.5108577983184843,False
C,1,1.0,0.0,0.0,0.07127429805615551,0.0,1.0,0.07127429805615551,0.0,0.8812095032397408,0.047516198704103674,C,0.0,0.07127429805615551,0.5154031609865241,False
C,1,1.0,0.0,0.0,0.11738148984198646,0.0,1.0,0.11738148984198646,0.0,0.8826185101580135,0.0,C,0.0,0.11738148984198646,0.5253566420789886,False
A,1,1.0,0.0,0.0,0.9150485436893204,0.0,1.0,0.9150485436893204,0.0,0.06067961165048544,0.024271844660194174,A,0.0,0.9150485436893204,0.6899872308111972,False
A,1,1.0,0.01939655172413793,0.0,0.9872340425531915,0.0,1.0,0.9680851063829787,0.019148936170212766,0.0,0.01276595744680851,A,0.01939655172413793,0.9872340425531915,0.4119909705217978,False
G,1,1.0,0.9459459459459459,0.0,0.9694323144104804,0.0,1.0,0.05240174672489083,0.9170305676855895,0.026200873362445413,0.004366812227074236,G,0.9459459459459459,0.9694323144104804,0.0,False
A,1,1.0,0.0,0.0,0.9759036144578314,0.0,1.0,0.9759036144578314,0.0,0.002677376171352075,0.0214190093708166,A,0.0,0.9759036144578314,0.7015237895742686,False
A,1,1.0,0.013157894736842106,0.0,0.9722814498933902,0.0,1.0,0.9594882729211087,0.01279317697228145,0.0,0.02771855010660981,A,0.013157894736842106,0.9722814498933902,0.5083158845920476,False
A,1,1.0,0.028409090909090905,0.0,0.9832402234636872,0.0,1.0,0.9553072625698324,0.027932960893854747,0.0,0.01675977653631285,A,0.028409090909090905,0.9832402234636872,0.28365935510393236,False
C,1,1.0,0.7142857142857143,0.0,0.015625,0.0,1.0,0.004464285714285714,0.011160714285714286,0.984375,0.0,C,0.7142857142857143,0.015625,0.3325263520113675,False
G,1,1.0,0.9967741935483871,0.0,0.9090909090909091,0.0,1.0,0.002932551319648094,0.906158357771261,0.07917888563049853,0.011730205278592375,G,0.9967741935483871,0.9090909090909091,0.0,False
G,1,1.0,0.9983552631578948,0.0,0.9440993788819876,0.0,1.0,0.0015527950310559005,0.9425465838509317,0.049689440993788817,0.006211180124223602,G,0.9983552631578948,0.9440993788819876,0.0,False
G,1,1.0,0.9885057471264368,0.0,0.9836683417085428,0.0,1.0,0.011306532663316583,0.9723618090452262,0.016331658291457288,0.0,G,0.9885057471264368,0.9836683417085428,0.0,False
G,1,1.0,0.9897540983606558,0.0,0.970178926441352,0.0,1.0,0.009940357852882704,0.9602385685884692,0.0019880715705765406,0.027833001988071572,G,0.9897540983606558,0.970178926441352,0.0,False
C,1,1.0,0.36363636363636365,0.0,0.022494887525562373,0.0,1.0,0.014314928425357873,0.0081799591002045,0.9652351738241309,0.012269938650306749,C,0.36363636363636365,0.022494887525562373,0.3777732066293975,False
C,1,1.0,0.0,0.0,0.09411764705882353,0.0,1.0,0.09411764705882353,0.0,0.9,0.0058823529411764705,C,0.0,0.09411764705882353,0.5203361014455079,False
G,1,1.0,0.9742268041237113,0.0,0.8738738738738738,0.0,1.0,0.02252252252252252,0.8513513513513513,0.1036036036036036,0.02252252252252252,G,0.9742268041237113,0.8738738738738738,0.0,False
A,1,1.0,0.0026246719160104987,0.0,0.9973821989528796,0.0,1.0,0.9947643979057592,0.002617801047120419,0.0,0.002617801047120419,A,0.0026246719160104987,0.9973821989528796,0.6689045570541634,False
A,1,1.0,0.0,0.0,0.9690265486725663,0.0,1.0,0.9690265486725663,0.0,0.01991150442477876,0.011061946902654867,A,0.0,0.9690265486725663,0.7002299008519252,False
A,1,1.0,0.0,0.0,0.9528535980148883,0.0,1.0,0.9528535980148883,0.0,0.0,0.04714640198511166,A,0.0,0.9528535980148883,0.6971770698282651,False
G,1,1.0,1.0,0.0,0.9008498583569405,0.0,1.0,0.0,0.9008498583569405,0.025495750708215296,0.07365439093484419,G,1.0,0.9008498583569405,0.0,False
C,1,1.0,0.8571428571428571,0.0,0.014056224899598395,0.0,1.0,0.002008032128514056,0.012048192771084338,0.9859437751004017,0.0,C,0.8571428571428571,0.014056224899598395,0.3195711958228208,False
C,1,1.0,0.25925925925925924,0.0,0.06569343065693431,0.0,1.0,0.04866180048661801,0.0170316301703163,0.9318734793187348,0.0024330900243309003,C,0.25925925925925924,0.06569343065693431,0.2617311995606981,False
G,1,1.0,0.9762845849802372,0.0,0.9619771863117871,0.0,1.0,0.022813688212927757,0.9391634980988594,0.030418250950570342,0.0076045627376425855,G,0.9762845849802372,0.9619771863117871,0.0,False
G,1,1.0,1.0,0.0,0.9804241435562806,0.0,1.0,0.0,0.9804241435562806,0.0,0.01957585644371941,G,1.0,0.9804241435562806,0.0,False
G,1,1.0,0.9955423476968797,0.0,0.9810495626822158,0.0,1.0,0.004373177842565598,0.9766763848396501,0.0,0.018950437317784258,G,0.9955423476968797,0.9810495626822158,0.0,False
G,1,1.0,0.9717223650385605,0.0,0.9306220095693779,0.0,1.0,0.02631578947368421,0.9043062200956937,0.05980861244019139,0.009569377990430622,G,0.9717223650385605,0.9306220095693779,0.0,False
A,1,1.0,0.046674445740956826,0.0,0.9640044994375703,0.0,1.0,0.9190101237345332,0.04499437570303712,0.008998875140607425,0.02699662542182227,A,0.046674445740956826,0.9640044994375703,0.10433725226031887,False
G,1,1.0,1.0,0.0,0.9281609195402298,0.0,1.0,0.0,0.9281609195402298,0.0,0.07183908045977011,G,1.0,0.9281609195402298,0.0,False
U,1,1.0,0.3333333333333333,0.0,0.024671052631578948,0.0,1.0,0.01644736842105263,0.008223684210526315,0.0,0.975328947368421,U,0.3333333333333333,0.024671052631578948,0.37756410483113845,False
G,1,1.0,0.9891745602165087,0.0,0.9879679144385027,0.0,1.0,0.0106951871657754,0.9772727272727273,0.012032085561497326,0.0,G,0.9891745602165087,0.9879679144385027,0.0,False
U,1,1.0,1.0,0.0,0.0066518847006651885,0.0,1.0,0.0,0.0066518847006651885,0.011086474501108648,0.9822616407982262,U,1.0,0.0066518847006651885,0.3976315165294879,False
G,1,1.0,1.0,0.0,0.9773413897280967,0.0,1.0,0.0,0.9773413897280967,0.019637462235649546,0.0030211480362537764,G,1.0,0.9773413897280967,0.0,False
G,1,1.0,0.9757174392935982,0.0,0.978401727861771,0.0,1.0,0.023758099352051837,0.9546436285097192,0.008639308855291577,0.012958963282937365,G,0.9757174392935982,0.978401727861771,0.0,False
U,1,1.0,0.2857142857142857,0.0,0.013257575757575758,0.0,1.0,0.00946969696969697,0.003787878787878788,0.0,0.9867424242424242,U,0.2857142857142857,0.013257575757575758,0.44329130964887054,False
G,1,1.0,0.9939759036144579,0.0,0.9609261939218523,0.0,1.0,0.005788712011577424,0.9551374819102749,0.03328509406657019,0.005788712011577424,G,0.9939759036144579,0.9609261939218523,0.0,False
G,1,1.0,1.0,0.0,0.936247723132969,0.0,1.0,0.0,0.936247723132969,0.007285974499089253,0.056466302367941715,G,1.0,0.936247723132969,0.0,False
C,1,1.0,0.25,0.0,0.007858546168958742,0.0,1.0,0.005893909626719057,0.0019646365422396855,0.9882121807465619,0.003929273084479371,C,0.25,0.007858546168958742,0.47072614508919974,False
A,1,1.0,0.00437636761487965,0.0,0.9501039501039501,0.0,1.0,0.9459459459459459,0.004158004158004158,0.035343035343035345,0.014553014553014554,A,0.00437636761487965,0.9501039501039501,0.6369645081981692,False
G,1,1.0,1.0,0.0,0.8705882352941177,0.0,1.0,0.0,0.8705882352941177,0.09803921568627451,0.03137254901960784,G,1.0,0.8705882352941177,0.0,False
C,1,1.0,0.0,0.0,0.007751937984496124,0.0,1.0,0.007751937984496124,0.0,0.9689922480620154,0.023255813953488372,C,0.0,0.007751937984496124,0.501675690717878,False
C,1,1.0,0.02564102564102564,0.0,0.08863636363636364,0.0,1.0,0.08636363636363636,0.0022727272727272726,0.8818181818181818,0.029545454545454545,C,0.02564102564102564,0.08863636363636364,0.48330482319583057,False
G,1,1.0,1.0,0.0,0.8581560283687943,0.0,1.0,0.0,0.8581560283687943,0.0673758865248227,0.07446808510638298,G,1.0,0.8581560283687943,0.0,False
C,1,1.0,0.0,0.0,0.023157894736842106,0.0,1.0,0.023157894736842106,0.0,0.9663157894736842,0.010526315789473684,C,0.0,0.023157894736842106,0.5050057888917141,False
U,1,1.0,0.049999999999999996,0.0,0.09029345372460497,0.0,1.0,0.08577878103837472,0.004514672686230248,0.04966139954853273,0.8600451467268623,U,0.049999999999999996,0.09029345372460497,0.44842821518451026,False
G,1,1.0,0.994535519125683,0.0,0.8948655256723717,0.0,1.0,0.004889975550122249,0.8899755501222494,0.07823960880195599,0.02689486552567237,G,0.994535519125683,0.8948655256723717,0.0,False
C,1,1.0,0.0,0.0,0.013422818791946308,0.0,1.0,0.013422818791946308,0.0,0.9865771812080537,0.0,C,0.0,0.013422818791946308,0.5029015145299082,False
C,1,1.0,0.021739130434782608,0.0,0.11528822055137844,0.0,1.0,0.11278195488721804,0.002506265664160401,0.8847117794486216,0.0,C,0.021739130434782608,0.11528822055137844,0.4853795397260636,False
G,1,1.0,0.9666666666666667,0.0,0.8015267175572519,0.0,1.0,0.026717557251908396,0.7748091603053435,0.05343511450381679,0.1450381679389313,G,0.9666666666666667,0.8015267175572519,0.0,False
C,1,1.0,,,0.0,0.0,1.0,0.0,0.0,0.8722358722358723,0.12776412776412777,C,,0.0,,False
C,1,1.0,0.1694915254237288,0.0,0.145679012345679,0.0,1.0,0.12098765432098765,0.024691358024691357,0.854320987654321,0.0,C,0.1694915254237288,0.145679012345679,0.18469269978325153,False
G,1,1.0,0.9119170984455959,0.0,0.9018691588785046,0.0,1.0,0.0794392523364486,0.822429906542056,0.0514018691588785,0.04672897196261682,G,0.9119170984455959,0.9018691588785046,0.0,False
A,1,1.0,0.013136288998357965,0.0,0.956043956043956,0.0,1.0,0.9434850863422292,0.012558869701726845,0.018838304552590265,0.02511773940345369,A,0.013136288998357965,0.956043956043956,0.508502874524511,False
G,1,1.0,0.9402390438247012,0.0,0.9365671641791045,0.0,1.0,0.055970149253731345,0.8805970149253731,0.06343283582089553,0.0,G,0.9402390438247012,0.9365671641791045,0.0,False
G,1,1.0,0.9926108374384236,0.0,0.9269406392694064,0.0,1.0,0.00684931506849315,0.9200913242009132,0.0091324200913242,0.0639269406392694,G,0.9926108374384236,0.9269406392694064,0.0,False
C,1,1.0,0.08695652173913043,0.0,0.054373522458628844,0.0,1.0,0.04964539007092199,0.004728132387706856,0.9243498817966903,0.02127659574468085,C,0.08695652173913043,0.054373522458628844,0.4374100517724311,False
C,1,1.0,0.0,0.0,0.11560693641618497,0.0,1.0,0.11560693641618497,0.0,0.884393063583815,0.0,C,0.0,0.11560693641618497,0.5249738096477228,False
A,1,1.0,0.007874015748031496,0.0,0.9621212121212122,0.0,1.0,0.9545454545454546,0.007575757575757576,0.007575757575757576,0.030303030303030304,A,0.007874015748031496,0.9621212121212122,0.5877238252214741,False
A,1,1.0,0.006024096385542168,0.0,0.9707602339181287,0.0,1.0,0.9649122807017544,0.005847953216374269,0.008771929824561403,0.02046783625730994,A,0.006024096385542168,0.9707602339181287,0.6158925050725091,False
A,1,1.0,0.0037174721189591076,0.0,0.9607142857142857,0.0,1.0,0.9571428571428572,0.0035714285714285713,0.02142857142857143,0.017857142857142856,A,0.0037174721189591076,0.9607142857142857,0.6477694462599073,False
A,1,1.0,0.015723270440251572,0.0,0.99375,0.0,1.0,0.978125,0.015625,0.0,0.00625,A,0.015723270440251572,0.99375,0.4683088622349235,False
A,1,1.0,0.009287925696594427,0.0,1.0,0.0,1.0,0.9907120743034056,0.009287925696594427,0.0,0.0,A,0.009287925696594427,1.0,0.5692639879721741,False
G,1,1.0,0.9877300613496932,0.0,0.8810810810810811,0.0,1.0,0.010810810810810811,0.8702702702702703,0.010810810810810811,0.10810810810810811,G,0.9877300613496932,0.8810810810810811,0.0,False
A,1,1.0,0.018108651911468814,0.0,0.9688109161793372,0.0,1.0,0.9512670565302144,0.017543859649122806,0.011695906432748537,0.01949317738791423,A,0.018108651911468814,0.9688109161793372,0.43292703338324934,False
A,1,1.0,0.009345794392523366,0.0,0.9197707736389684,0.0,1.0,0.9111747851002865,0.008595988538681949,0.08022922636103152,0.0,A,0.009345794392523366,0.9197707736389684,0.562927408380332,False
A,1,1.0,0.03460207612456747,0.0,0.9665551839464883,0.0,1.0,0.9331103678929766,0.033444816053511704,0.026755852842809364,0.006688963210702341,A,0.03460207612456747,0.9665551839464883,0.21213266129307107,False
G,1,1.0,1.0,0.0,0.8622047244094488,0.0,1.0,0.0,0.8622047244094488,0.11023622047244094,0.027559055118110236,G,1.0,0.8622047244094488,0.0,False
C,1,1.0,1.0,0.0,0.0028735632183908046,0.0,1.0,0.0,0.0028735632183908046,0.9885057471264368,0.008620689655172414,C,1.0,0.0028735632183908046,0.45537426950434057,False
C,1,1.0,0.05263157894736842,0.0,0.10888252148997135,0.0,1.0,0.10315186246418338,0.0057306590257879654,0.8911174785100286,0.0,C,0.05263157894736842,0.10888252148997135,0.43342766943565836,False
G,1,1.0,0.9418604651162791,0.0,0.9197860962566845,0.0,1.0,0.053475935828877004,0.8663101604278075,0.058823529411764705,0.0213903743315508,G,0.9418604651162791,0.9197860962566845,0.0,False
U,1,1.0,0.3333333333333333,0.0,0.02142857142857143,0.0,1.0,0.014285714285714285,0.007142857142857143,0.0,0.9785714285714285,U,0.3333333333333333,0.02142857142857143,0.39323625227298564,False
G,1,1.0,0.9925,0.0,0.9685230024213075,0.0,1.0,0.007263922518159807,0.9612590799031477,0.01937046004842615,0.012106537530266344,G,0.9925,0.9685230024213075,0.0,False
A,1,1.0,0.025787965616045846,0.0,1.0,0.0,1.0,0.9742120343839542,0.025787965616045846,0.0,0.0,A,0.025787965616045846,1.0,0.31629394643860853,False
A,1,1.0,0.02284263959390863,0.0,0.9899497487437187,0.0,1.0,0.9673366834170855,0.022613065326633167,0.002512562814070352,0.007537688442211055,A,0.02284263959390863,0.9899497487437187,0.36018524581093336,False
G,1,1.0,0.99375,0.0,0.8791208791208791,0.0,1.0,0.005494505494505495,0.8736263736263736,0.016483516483516484,0.1043956043956044,G,0.99375,0.8791208791208791,0.0,False
G,1,1.0,0.9847619047619047,0.0,0.9868421052631579,0.0,1.0,0.015037593984962405,0.9718045112781954,0.013157894736842105,0.0,G,0.9847619047619047,0.9868421052631579,0.0,False
A,1,1.0,0.008163265306122448,0.0,0.9760956175298805,0.0,1.0,0.9681274900398407,0.00796812749003984,0.0,0.02390438247011952,A,0.008163265306122448,0.9760956175298805,0.5846278724680423,False
G,1,1.0,0.993103448275862,0.0,0.8841463414634146,0.0,1.0,0.006097560975609756,0.8780487804878049,0.024390243902439025,0.09146341463414634,G,0.993103448275862,0.8841463414634146,0.0,False
U,1,1.0,,,0.0,0.0,1.0,0.0,0.0,0.011904761904761904,0.9880952380952381,U,,0.0,,False
C,1,1.0,0.0,0.0,0.02510460251046025,0.0,1.0,0.02510460251046025,0.0,0.9497907949790795,0.02510460251046025,C,0.0,0.02510460251046025,0.5054265624780335,False
U,1,1.0,0.0,0.0,0.06734006734006734,0.0,1.0,0.06734006734006734,0.0,0.09764309764309764,0.835016835016835,U,0.0,0.06734006734006734,0.5145533186645632,False
U,1,1.0,0.0,0.0,0.03664921465968586,0.0,1.0,0.03664921465968586,0.0,0.013089005235602094,0.9502617801047121,U,0.0,0.03664921465968586,0.5079217472366322,False
C,1,1.0,0.0,0.0,0.029748283752860413,0.0,1.0,0.029748283752860413,0.0,0.9702517162471396,0.0,C,0.0,0.029748283752860413,0.506430251517279,False
U,1,1.0,0.5,0.0,0.058577405857740586,0.0,1.0,0.029288702928870293,0.029288702928870293,0.04602510460251046,0.895397489539749,U,0.5,0.058577405857740586,0.1299454636695514,False
A,1,1.0,0.03067484662576687,0.0,0.9702380952380952,0.0,1.0,0.9404761904761905,0.02976190476190476,0.011904761904761904,0.017857142857142856,A,0.03067484662576687,0.9702380952380952,0.2573986826241845,False
U,1,1.0,0.0,0.0,0.058823529411764705,0.0,1.0,0.058823529411764705,0.0,0.05190311418685121,0.889273356401384,U,0.0,0.058823529411764705,0.5127134202030992,False
C,1,1.0,0.5555555555555556,0.0,0.02857142857142857,0.0,1.0,0.012698412698412698,0.015873015873015872,0.9492063492063492,0.022222222222222223,C,0.5555555555555556,0.02857142857142857,0.27016710572868885,False
C,1,1.0,0.058823529411764705,0.0,0.11409395973154363,0.0,1.0,0.10738255033557047,0.006711409395973154,0.8791946308724832,0.006711409395973154,C,0.058823529411764705,0.11409395973154363,0.4193253230958629,False
G,1,1.0,0.9938271604938271,0.0,0.8617021276595745,0.0,1.0,0.005319148936170213,0.8563829787234043,0.06914893617021277,0.06914893617021277,G,0.9938271604938271,0.8617021276595745,0.0,False
A,1,1.0,0.015086206896551725,0.0,0.931726907630522,0.0,1.0,0.9176706827309237,0.014056224899598393,0.030120481927710843,0.03815261044176707,A,0.015086206896551725,0.931726907630522,0.47962994813278237,False
U,1,1.0,0.888888888888889,0.0,0.03345724907063197,0.0,1.0,0.0037174721189591076,0.02973977695167286,0.022304832713754646,0.9442379182156134,U,0.888888888888889,0.03345724907063197,0.1234115162456122,False
C,1,1.0,0.21052631578947367,0.0,0.05571847507331379,0.0,1.0,0.04398826979472141,0.011730205278592375,0.9442815249266863,0.0,C,0.21052631578947367,0.05571847507331379,0.33223604283436625,False
U,1,1.0,0.0967741935483871,0.0,0.10299003322259136,0.0,1.0,0.09302325581395349,0.009966777408637873,0.026578073089700997,0.8704318936877077,U,0.0967741935483871,0.10299003322259136,0.36753523272096733,False
G,1,1.0,0.9900662251655629,0.0,0.9648562300319489,0.0,1.0,0.009584664536741214,0.9552715654952076,0.022364217252396165,0.012779552715654952,G,0.9900662251655629,0.9648562300319489,0.0,False
U,1,1.0,0.8888888888888888,0.0,0.033582089552238806,0.0,1.0,0.0037313432835820895,0.029850746268656716,0.0,0.9664179104477612,U,0.8888888888888888,0.033582089552238806,0.1225320954268192,False
G,1,1.0,0.9581749049429659,0.0,0.9669117647058824,0.0,1.0,0.04044117647058824,0.9264705882352942,0.014705882352941176,0.01838235294117647,G,0.9581749049429659,0.9669117647058824,0.0,False
C,1,1.0,0.4444444444444444,0.0,0.03614457831325301,0.0,1.0,0.020080321285140562,0.01606425702811245,0.963855421686747,0.0,C,0.4444444444444444,0.03614457831325301,0.2690238486531171,False
A,1,1.0,0.07883817427385892,0.0,1.0,0.0,1.0,0.921161825726141,0.07883817427385892,0.0,0.0,A,0.07883817427385892,1.0,0.004993766305470326,True
G,1,1.0,0.9464285714285714,0.0,0.9739130434782609,0.0,1.0,0.05217391304347826,0.9217391304347826,0.02608695652173913,0.0,G,0.9464285714285714,0.9739130434782609,0.0,False
G,1,1.0,0.9765807962529274,0.0,0.9953379953379953,0.0,1.0,0.023310023310023312,0.972027972027972,0.0,0.004662004662004662,G,0.9765807962529274,0.9953379953379953,0.0,False
A,1,1.0,0.036855036855036855,0.0,0.9667458432304038,0.0,1.0,0.9311163895486936,0.035629453681710214,0.0,0.0332541567695962,A,0.036855036855036855,0.9667458432304038,0.18798558486885875,False
G,1,1.0,0.9374999999999999,0.0,0.9696969696969697,0.0,1.0,0.06060606060606061,0.9090909090909091,0.022727272727272728,0.007575757575757576,G,0.9374999999999999,0.9696969696969697,0.0,False
A,1,1.0,0.026143790849673203,0.0,0.9828693790149893,0.0,1.0,0.9571734475374732,0.02569593147751606,0.0021413276231263384,0.014989293361884369,A,0.026143790849673203,0.9828693790149893,0.3142888666974051,False
C,1,1.0,1.0,0.0,0.016,0.0,1.0,0.0,0.016,0.948,0.036,C,1.0,0.016,0.2662672488076201,False
C,1,1.0,0.14583333333333334,0.0,0.16842105263157894,0.0,1.0,0.14385964912280702,0.02456140350877193,0.8315789473684211,0.0,C,0.14583333333333334,0.16842105263157894,0.18938557357191899,False
G,1,1.0,0.9597701149425287,0.0,0.9354838709677419,0.0,1.0,0.03763440860215054,0.8978494623655914,0.043010752688172046,0.021505376344086023,G,0.9597701149425287,0.9354838709677419,0.0,False
U,1,1.0,0.6,0.0,0.0205761316872428,0.0,1.0,0.00823045267489712,0.012345679012345678,0.024691358024691357,0.9547325102880658,U,0.6,0.0205761316872428,0.316634338880488,False
A,1,1.0,0.002941176470588235,0.0,0.9392265193370166,0.0,1.0,0.93646408839779,0.0027624309392265192,0.016574585635359115,0.04419889502762431,A,0.002941176470588235,0.9392265193370166,0.655296068726287,False
C,1,1.0,,,0.0,0.0,1.0,0.0,0.0,0.9696969696969697,0.030303030303030304,C,,0.0,,False
U,1,1.0,0.0,0.0,0.05474452554744526,0.0,1.0,0.05474452554744526,0.0,0.040145985401459854,0.9051094890510949,U,0.0,0.05474452554744526,0.5118321008410665,False
C,1,1.0,0.0,0.0,0.03582089552238806,0.0,1.0,0.03582089552238806,0.0,0.9582089552238806,0.005970149253731343,C,0.0,0.03582089552238806,0.5077427283565137,False
C,1,1.0,0.045454545454545456,0.0,0.08870967741935483,0.0,1.0,0.0846774193548387,0.004032258064516129,0.907258064516129,0.004032258064516129,C,0.045454545454545456,0.08870967741935483,0.4556449089628255,False
C,1,1.0,0.11764705882352942,0.0,0.06910569105691057,0.0,1.0,0.06097560975609756,0.008130081300813009,0.9146341463414634,0.016260162601626018,C,0.11764705882352942,0.06910569105691057,0.3881646164945898,False
C,1,1.0,0.13636363636363635,0.0,0.10679611650485438,0.0,1.0,0.09223300970873786,0.014563106796116505,0.8737864077669902,0.019417475728155338,C,0.13636363636363635,0.10679611650485438,0.3021892888417612,False
A,1,1.0,0.009174311926605505,0.0,0.9316239316239316,0.0,1.0,0.9230769230769231,0.008547008547008548,0.038461538461538464,0.029914529914529916,A,0.009174311926605505,0.9316239316239316,0.5662186779455743,False
U,1,1.0,0.057142857142857134,0.0,0.14893617021276598,0.0,1.0,0.14042553191489363,0.00851063829787234,0.05531914893617021,0.7957446808510639,U,0.057142857142857134,0.14893617021276598,0.3990134597804248,False
C,1,1.0,0.15789473684210528,0.0,0.06690140845070422,0.0,1.0,0.056338028169014086,0.01056338028169014,0.9330985915492958,0.0,C,0.15789473684210528,0.06690140845070422,0.3514016849670374,False
A,1,1.0,0.03664921465968587,0.0,0.9408866995073891,0.0,1.0,0.9064039408866995,0.034482758620689655,0.03940886699507389,0.019704433497536946,A,0.03664921465968587,0.9408866995073891,0.196551674692794,False
A,1,1.0,0.014925373134328358,0.0,0.9481132075471699,0.0,1.0,0.9339622641509434,0.014150943396226415,0.0,0.05188679245283019,A,0.014925373134328358,0.9481132075471699,0.48167516680416067,False
G,1,1.0,0.9213483146067416,0.0,0.9175257731958762,0.0,1.0,0.07216494845360824,0.845360824742268,0.08247422680412371,0.0,G,0.9213483146067416,0.9175257731958762,0.0,False
A,1,1.0,0.01195219123505976,0.0,0.9881889763779528,0.0,1.0,0.9763779527559056,0.011811023622047244,0.0,0.011811023622047244,A,0.01195219123505976,0.9881889763779528,0.5272308091351106,False
A,1,1.0,0.012219959266802444,0.0,0.9780876494023905,0.0,1.0,0.9661354581673307,0.01195219123505976,0.01593625498007968,0.00597609561752988,A,0.012219959266802444,0.9780876494023905,0.522828559509392,False
