master,n_reps,frac_reps_ok,R_i_avg,R_i_var,w_i_avg,w_i_var,0,0,1,2,3,rep1,rep2,rep3,R_i_rep1,R_i_rep2,R_i_rep3,w_i_rep1,w_i_rep2,w_i_rep3,edit_p,edit_bool
A,3,1.0,0.023214200866177342,2.3242390029023068e-05,0.9070271879823544,7.32295675479401e-05,1.0,0.8859347434060441,0.021092444576310338,0.06570077940825814,0.02727203260938751,A,A,A,0.029411764705882353,0.017654476670870115,0.02257636122177955,0.9144254278728606,0.8950338600451467,0.9116222760290557,0.3664357530562413,False
U,3,1.0,0.07034640274076895,0.00011324459180316754,0.2090972968686673,0.0004954791270253258,1.0,0.20354494743911297,0.017382832002913417,0.007691031266336558,0.771381189291637,U,U,U,0.09292035398230088,0.07027027027027027,0.07042253521126761,0.2445887445887446,0.19111570247933884,0.22707889125799574,0.31972688669777594,False
G,3,1.0,0.9944560294964983,1.0598447711747947e-05,0.9787829742971873,0.0001023693833614089,1.0,0.005415230052884167,0.9733677442443032,0.017476377323760343,0.003740648379052369,G,G,G,0.9909677419354839,0.9988023952095808,0.9935979513444302,0.9663341645885286,0.9788980070339977,0.9911167512690355,0.0,False
C,3,1.0,0.6341991341991342,0.007339161559940784,0.038681333991565654,5.82553624998532e-05,1.0,0.014432477443319302,0.02424885654824635,0.9486793314554646,0.01263933455296975,C,C,C,0.5454545454545454,0.6071428571428571,0.75,0.048726467331118496,0.03023758099352052,0.03707995365005794,0.1712377164340524,False
C,3,1.0,0.23731884057971012,0.013908580130224743,0.043858945348445005,0.0003308754295209544,1.0,0.03313602552305229,0.010722919825392719,0.9340863927266615,0.022054661924893543,C,C,C,0.25,0.08695652173913043,0.375,0.06951871657754011,0.029449423815620997,0.03260869565217391,0.3490446838085707,False
U,3,1.0,0.43636363636363634,0.002038567493112948,0.02057982311879569,0.00013907081806569337,1.0,0.011933839290282097,0.008645983828513592,0.025459806989768182,0.9539603698914362,U,U,U,0.40909090909090906,0.5,0.4,0.03678929765886288,0.009077155824508321,0.015873015873015872,0.3654135227932074,False
U,3,1.0,0.3703703703703704,0.20027434842249656,0.006860704411206738,5.226948892636117e-05,1.0,0.0053298985397018965,0.001530805871504842,0.012279006538743142,0.9808602890500501,U,U,U,0.1111111111111111,0.0,1.0,0.017029328287606435,0.0008525149190110827,0.0027002700270027003,0.4614501693365791,False
U,3,1.0,0.4047619047619048,0.18480725623582764,0.007509928840633335,4.591107569098455e-05,1.0,0.0059049010009576235,0.0016050278396757122,0.01704816957880755,0.9754419015805591,U,U,U,0.2142857142857143,0.0,1.0,0.016908212560386472,0.004429678848283499,0.0011918951132300357,0.4537650998974254,False
U,3,1.0,0.10526315789473685,0.011080332409972301,0.011401290198652173,0.00013325336910427805,1.0,0.009491070523389518,0.0019102196752626551,0.002771556032986468,0.9858271537683613,U,U,U,0.2105263157894737,,0.0,0.027220630372492834,0.0,0.006983240223463687,0.4835329551812111,False
C,3,1.0,0.015864527629233512,0.00014686023493824688,0.14476297074173705,0.0008518354657452303,1.0,0.1422120825144848,0.002550888227252255,0.839243098708621,0.015993930549641894,C,C,C,0.029411764705882353,0.01818181818181818,0.0,0.18579234972677597,0.12035010940919037,0.12814645308924486,0.49505605320900126,False
A,3,1.0,0.018440837476141867,6.23703468284773e-05,0.9659609848588193,1.5165695318071423e-05,1.0,0.9481176642339261,0.01784332062489313,0.00045599635202918376,0.0335830187891516,A,A,A,0.029577464788732393,0.013605442176870748,0.012139605462822457,0.9712722298221614,0.9645669291338583,0.962043795620438,0.4281362903360344,False
A,3,1.0,0.022320945668336603,8.619667640941303e-06,0.9870988252846334,1.77710419681451e-05,1.0,0.965078216162377,0.022020609122256323,0.0,0.012901174715366608,A,A,A,0.025723472668810286,0.02268041237113402,0.0185589519650655,0.9821052631578948,0.9867751780264497,0.9924160346695559,0.36822218535167495,False
A,0,0.0,,,,,,,,,,,,,,,,,,,,False
C,3,1.0,0.8333333333333334,0.05555555555555555,0.02686330232687374,4.188653464523844e-05,1.0,0.005855290673358427,0.021008011653515308,0.9660813035127863,0.0070553941603400125,C,C,C,0.5,1.0,1.0,0.03513174404015056,0.026128266033254157,0.019329896907216496,0.1919235741562786,False
U,3,1.0,0.0,0.0,0.024552820999821968,7.930796861003425e-05,1.0,0.024552820999821968,0.0,0.0028503661112521013,0.9725968128889261,U,U,U,0.0,0.0,0.0,0.03714710252600297,0.018252933507170794,0.018258426966292134,0.5053072975661186,False
U,3,1.0,0.08333333333333333,0.01388888888888889,0.00814316319043424,2.0438843262406063e-05,1.0,0.0077582517200724226,0.00038491147036181676,0.008772435503404438,0.9830844013061614,U,U,U,0.0,0.0,0.25,0.01452513966480447,0.005285412262156448,0.004618937644341801,0.4910538082232724,False
C,3,1.0,0.0,0.0,0.010401209441555918,5.629338485519303e-05,1.0,0.010401209441555918,0.0,0.9861521595189249,0.003446631039519118,C,C,C,0.0,0.0,0.0,0.02095238095238095,0.004153686396677051,0.006097560975609756,0.5022483628138998,False
G,3,1.0,0.9838685382531381,2.7313118321459128e-05,0.9706917211328975,2.4885787042970645e-05,1.0,0.015642701525054467,0.9550490196078432,0.0,0.029308278867102397,G,G,G,0.989769820971867,0.9770642201834862,0.984771573604061,0.9775,0.9688888888888889,0.9656862745098038,0.0,False
C,3,1.0,0.0,0.0,0.004687288635327893,1.2421336263342492e-05,1.0,0.004687288635327893,0.0,0.9826131264863874,0.012699584878284695,C,C,C,0.0,,0.0,0.005563282336578581,0.0,0.0084985835694051,0.5010132254315804,False
C,3,1.0,0.1571743668517862,0.0016309670268268028,0.06386839039566587,0.0002655048814195664,1.0,0.0543673232462679,0.009501067149397977,0.9235589302191882,0.012572679385145863,C,C,C,0.12820512820512822,0.12903225806451613,0.21428571428571427,0.08487486398258977,0.06156901688182721,0.04516129032258065,0.35851836526966374,False
A,3,1.0,0.005330361253119473,2.855843492612365e-05,0.8719797376076083,0.00019588720550370122,1.0,0.867328160038868,0.00465157756874019,0.11000096422673068,0.018019298165661085,A,A,A,0.012635379061371842,0.003355704697986577,0.0,0.8779714738510301,0.8526466380543634,0.8853211009174312,0.6135743079771927,False
G,3,1.0,0.993485342019544,8.488153720463884e-05,0.9667034736599954,3.188876786060294e-05,1.0,0.00634920634920635,0.9603542673107891,0.02805728088336784,0.0052392454566367605,G,G,G,1.0,0.9804560260586319,1.0,0.9637681159420289,0.9746031746031747,0.9617391304347827,0.0,False
G,3,1.0,0.9949867981876279,1.0836109879254365e-06,0.9910669651865911,1.1514439278964295e-05,1.0,0.0049709689663872915,0.9860959962202038,0.003771465025108674,0.005161569788300284,G,G,G,0.9940334128878282,0.9944920440636474,0.9964349376114081,0.995840760546643,0.9891041162227603,0.98825601879037,0.0,False
G,3,1.0,0.999258533867156,2.7523484403360154e-07,0.9918444244857971,2.5181546179080395e-05,1.0,0.0007371243516563715,0.9911073001341407,0.005491952987566727,0.002663622526636225,G,G,G,0.9988649262202044,0.9989106753812635,1.0,0.9988662131519274,0.9892241379310345,0.9874429223744292,0.0,False
G,3,1.0,0.9972768408062526,4.958711528266605e-06,0.9917445258351648,6.7345363667696544e-06,1.0,0.0026970352021725083,0.9890474906329922,0.002037100549902058,0.0062183736149331315,G,G,G,0.9972850678733032,1.0,0.9945454545454545,0.9945994599459946,0.9923142613151152,0.9883198562443846,0.0,False
G,3,1.0,1.0,0.0,0.9943795014910669,7.752682437066218e-06,1.0,0.0,0.9943795014910669,0.001408109673296589,0.004212388835636499,G,G,G,1.0,1.0,1.0,0.9904513888888888,0.9961059190031153,0.9965811965811966,0.0,False
C,3,1.0,1.0,0.0,0.00033772374197906115,2.2811465179267895e-07,1.0,0.0,0.00033772374197906115,0.9894379139739019,0.010224362284118957,C,C,C,,1.0,,0.0,0.0010131712259371835,0.0,0.4947443994749384,False
A,3,1.0,0.029118713285861797,8.10651933022632e-06,0.9807352986232742,2.9683440690105145e-07,1.0,0.9521790963997114,0.02855620222356269,0.0,0.019264701376725823,A,A,A,0.03156384505021521,0.02512562814070352,0.03066666666666667,0.980309423347398,0.9815043156596794,0.9803921568627451,0.27489563037181197,False
A,3,1.0,0.018845566695853883,9.397672939202622e-06,0.9787704813141395,5.129897111253738e-06,1.0,0.9603199612121437,0.01845052010199569,0.0033862362171957826,0.017843282468664852,A,A,A,0.014925373134328358,0.022408963585434174,0.019202363367799114,0.9757281553398058,0.9794238683127572,0.9811594202898551,0.4210569241553528,False
G,3,1.0,0.9705403635090635,0.0012261572906676133,0.9863977919405601,1.0416219058720141e-05,1.0,0.029017345328901434,0.9573804466116588,0.005263022084918332,0.008339185974521603,G,G,G,0.9958333333333333,0.921023359288098,0.9947643979057592,0.9836065573770492,0.9846659364731654,0.9909208819714657,0.0,False
G,3,1.0,0.9939637570161187,5.112342243307422e-06,0.9942758151724179,3.051838070002182e-06,1.0,0.006002799156823881,0.988273016015594,0.0003709371514416589,0.005353247676140381,G,G,G,0.996779388083736,0.9912434325744308,0.9938684503901896,0.9925412892914224,0.9936194895591648,0.9966666666666666,0.0,False
C,3,1.0,0.6805555555555555,0.06520061728395062,0.009418327977872844,3.514569610151204e-06,1.0,0.0028052384594321536,0.006613089518440691,0.9874166368566307,0.003165035165496422,C,C,C,0.6666666666666666,1.0,0.375,0.0069767441860465115,0.011534025374855825,0.0097442143727162,0.40191065023656103,False
U,3,1.0,0.20326797385620918,0.0020257166047246786,0.022915761614959396,7.0348739341545935e-06,1.0,0.018351464010081996,0.004564297604877401,0.00043233895373973193,0.9766518994313008,U,U,U,0.16666666666666666,0.1764705882352941,0.26666666666666666,0.02650957290132548,0.02204928664072633,0.020188425302826378,0.4317926672892375,False
G,3,1.0,0.9987357774968394,3.196517074995149e-06,0.993635357368754,2.1719438933476588e-05,1.0,0.0012642225031605561,0.9923711348655934,0.0055721213216469384,0.0007925213095991085,G,G,G,0.9962073324905183,1.0,1.0,1.0,0.9919354838709677,0.9889705882352942,0.0,False
A,3,1.0,0.002435064935064935,1.1859082475965593e-05,0.9907332004996201,8.108851186852014e-07,1.0,0.988317741562422,0.0024154589371980675,0.0,0.009266799500380002,A,A,A,0.007305194805194805,0.0,0.0,0.9919484702093398,0.9904552129221733,0.9897959183673469,0.6705409637385583,False
G,3,1.0,1.0,0.0,0.9871720286108775,3.817613457367993e-05,1.0,0.0,0.9871720286108775,0.009344628193549058,0.0034833431955734115,G,G,G,1.0,1.0,1.0,0.9942857142857143,0.988009592326139,0.9792207792207792,0.0,False
G,3,1.0,0.989489894118805,1.5609399727299637e-05,0.9939966367628811,4.088064040911732e-06,1.0,0.010446527934989255,0.9835501088278918,0.0028650419113675774,0.0031383213257512865,G,G,G,0.994556765163297,0.9889958734525447,0.9849170437405732,0.9953560371517027,0.9911383776414451,0.9954954954954955,0.0,False
G,3,1.0,0.99253487817029,2.068011168361115e-07,0.993417273025406,4.212757320819656e-06,1.0,0.007416838132384477,0.9860004348930215,0.003698700074595236,0.002884026899998756,G,G,G,0.9919103920348475,0.9927140255009107,0.9929802169751116,0.9962802231866088,0.99157134256472,0.9924002533248891,0.0,False
G,3,1.0,0.9918895584078369,2.1865920552941663e-05,0.9937353759957973,8.601280408372379e-06,1.0,0.008064662110238376,0.9856707138855589,0.0029149886576196227,0.0033496353465830545,G,G,G,0.9867899603698811,0.9980855137204849,0.9907932011331445,0.997364953886693,0.9936588459099557,0.9901823281907433,0.0,False
G,3,1.0,0.9767457507234427,0.0006271463950526827,0.9944625249197712,3.0447611425729724e-06,1.0,0.023134791767496322,0.9713277331522749,0.0034810736511018147,0.0020564014291269603,G,G,G,0.9951586874663798,0.9413392363032651,0.993739328400683,0.9962486602357985,0.9950440528634361,0.9920948616600791,0.0,False
G,3,1.0,0.9980950011380064,5.377902085280761e-06,0.9959952930920796,1.7398534045810386e-06,1.0,0.0018944661021859145,0.9941008269898935,0.0009518370454978108,0.0030528698624226816,G,G,G,1.0,0.9948305571510626,0.999454446262957,0.9975012493753124,0.9942889777270132,0.996195652173913,0.0,False
U,3,1.0,0.2751654475792407,0.004444934578613822,0.020148494529637424,1.9494744584873663e-05,1.0,0.014866994718051663,0.005281499811585763,0.0017561753280912248,0.9780953301422713,U,U,U,0.3103448275862069,0.18181818181818182,0.33333333333333337,0.020684736091298145,0.02526799387442573,0.014492753623188404,0.41747454681608553,False
G,3,1.0,0.998054279716437,3.778840716223682e-06,0.9876839072807962,9.508746343174665e-07,1.0,0.0019235298254747617,0.9857603774553215,0.008152120630831018,0.004163972088372745,G,G,G,0.9994347088750707,0.9994229659549914,0.9953051643192489,0.9866146123814835,0.9874643874643875,0.9889727219965176,0.0,False
G,3,1.0,0.9966503673724203,5.967824577699211e-06,0.9958524991700709,4.027352489282625e-06,1.0,0.003340633418006125,0.992511865752065,0.0028180478707510326,0.0013294529591779687,G,G,G,0.9957081545064378,1.0,0.9942429476108232,0.9967914438502674,0.9930635838150289,0.9977024698449167,0.0,False
G,3,1.0,0.9982441486226145,1.6864498576776084e-10,0.9935929017198196,6.3990277528430755e-06,1.0,0.0017445718243519549,0.9918483298954678,0.006212052444408968,0.0001950458357714063,G,G,G,0.9982618771726536,0.9982394366197184,0.9982311320754716,0.9971114962449451,0.9912739965095986,0.9923932124049152,0.0,False
G,3,1.0,1.0,0.0,0.9922180895070792,1.461299770920371e-05,1.0,0.0,0.9922180895070792,0.003722181721349908,0.004059728771570916,G,G,G,1.0,1.0,1.0,0.9955947136563876,0.986873508353222,0.9941860465116279,0.0,False
C,3,1.0,0.2884615384615385,0.06385601577909271,0.008570785888397993,1.3002426219305077e-05,1.0,0.005373355246644969,0.003197430641753023,0.9857005915458052,0.005728622565796739,C,C,C,0.0,0.6153846153846154,0.25,0.003472222222222222,0.011035653650254669,0.011204481792717087,0.46289663262658887,False
C,3,1.0,1.0,0.0,0.007578998052768228,1.0255148148021758e-05,1.0,0.0,0.007578998052768228,0.9776455770560166,0.01477542489121509,C,C,C,1.0,1.0,1.0,0.007936507936507936,0.0034904013961605585,0.011310084825636193,0.3837494299354729,False
A,3,1.0,0.012400018829583574,2.4535051519587693e-05,0.9816519926827528,1.3633026483379496e-05,1.0,0.9694969666184271,0.012155026064325723,0.0017300186757025753,0.0166179886415445,A,A,A,0.018309859154929577,0.012702078521939955,0.006188118811881188,0.9766162310866575,0.9829738933030646,0.9853658536585366,0.5201267912679883,False
C,3,1.0,0.9777777777777779,0.000987654320987654,0.012542697897045702,1.7011561543841283e-06,1.0,0.0003192848020434227,0.012223413095002281,0.9776408612191011,0.00981644088385317,C,C,C,1.0,1.0,0.9333333333333333,0.011398963730569948,0.011861313868613138,0.014367816091954023,0.31623524844589534,False
C,3,1.0,0.2333333333333333,0.02888888888888888,0.023652739361050373,0.00010798842239738941,1.0,0.019621622210638002,0.004031117150412368,0.9568452424520845,0.01950201818686526,C,C,C,0.0,0.29999999999999993,0.39999999999999997,0.03757225433526012,0.01261034047919294,0.020775623268698064,0.4186051475437388,False
A,3,1.0,0.008669084543896763,8.798956447248043e-06,0.9719776269780125,6.654306298201484e-05,1.0,0.9635727522712331,0.008404874706779348,0.0014689161107470329,0.026553456911240492,A,A,A,0.009787928221859706,0.011611030478955007,0.004608294930875576,0.9745627980922099,0.9609483960948396,0.9804216867469879,0.5766773229522091,False
C,3,1.0,0.5217391304347826,0.0030027927528452638,0.021761415769723142,4.281569385684349e-05,1.0,0.010056481344124126,0.011704934425599015,0.9677729427989034,0.010465641431373518,C,C,C,0.4444444444444445,0.5652173913043479,0.5555555555555556,0.012857142857142857,0.028395061728395062,0.02403204272363151,0.3309618462685229,False
A,3,1.0,0.007284016571942269,2.8875327509312605e-05,0.9888914508520777,8.420986604930625e-06,1.0,0.9816780295933295,0.007213421258748326,0.0,0.01110854914792217,A,A,A,0.00904977375565611,0.0,0.012802275960170697,0.9925149700598802,0.9854111405835544,0.9887482419127989,0.5990688978189764,False
U,3,1.0,0.3988095238095238,0.08000283446712018,0.0060466378739348564,1.2071628192593986e-05,1.0,0.0026602656861263014,0.0033863721878085555,0.010226499408065803,0.9837268627179993,U,U,U,0.0,0.5714285714285714,0.625,0.0012345679012345679,0.007592190889370933,0.009313154831199068,0.46330990019018325,False
C,3,1.0,0.0,0.0,0.009996304701541772,5.008345482277376e-05,1.0,0.009996304701541772,0.0,0.9834183849980379,0.006585310300420202,C,C,C,0.0,0.0,0.0,0.02,0.0052585451358457495,0.004730368968779565,0.5021608380233775,False
C,3,1.0,0.03508771929824561,0.0024622960911049557,0.012627877909118639,0.00011391386383671244,1.0,0.011664486772317099,0.0009633911368015414,0.9745011057905401,0.01287101630034134,C,C,C,0.10526315789473684,0.0,0.0,0.02745664739884393,0.007653061224489796,0.0027739251040221915,0.49573861399677865,False
A,3,1.0,0.0031804615137948477,1.252232983978605e-05,0.9735576643789688,4.63784685257731e-06,1.0,0.9704553123343466,0.0031023520446224317,0.0019412639442878982,0.024501071676743213,A,A,A,0.008116883116883118,0.0014245014245014246,0.0,0.9762282091917591,0.970954356846473,0.9734904270986745,0.6572809743829375,False
C,3,1.0,0.49134199134199136,0.0023144243923464676,0.008943873680510183,1.6354605025719185e-06,1.0,0.004493610661073853,0.00445026301943633,0.9829347830951759,0.008121343224313871,C,C,C,0.4285714285714286,0.5454545454545454,0.5,0.007726269315673289,0.01071080817916261,0.008394543546694649,0.4329142855787116,False
C,3,1.0,0.0,0.0,0.0348001372929704,0.00034660968685776066,1.0,0.0348001372929704,0.0,0.9464803062709083,0.018719556436121314,C,C,C,0.0,0.0,0.0,0.06047197640117994,0.02702702702702703,0.016901408450704224,0.507522116806596,False
C,3,1.0,0.10757575757575756,0.014054178145087234,0.01465320205419191,7.63553221276703e-05,1.0,0.013065582071495862,0.001587619982696048,0.9773511003182621,0.007995697627546115,C,C,C,0.05,0.2727272727272727,0.0,0.02621231979030144,0.012658227848101266,0.005089058524173028,0.4783061779697837,False
A,3,1.0,0.008968048797999681,2.3976553354237844e-05,0.9808402693873898,9.777962665428985e-05,1.0,0.9719973269211026,0.008842942466287092,0.0,0.019159730612610195,A,A,A,0.015789473684210527,0.004524886877828055,0.006589785831960461,0.9947643979057591,0.975,0.9727564102564102,0.5728231171309043,False
G,3,1.0,0.9969344223637103,8.076729564148274e-06,0.9773487157924244,6.303487061444788e-05,1.0,0.0029791104570354014,0.9743696053353889,0.02117961386173307,0.0014716703458425313,G,G,G,0.9976525821596245,1.0,0.9931506849315068,0.986111111111111,0.979047619047619,0.9668874172185431,0.0,False
G,3,1.0,0.9989119593351088,1.3814956078470616e-06,0.9936933479295198,8.862928450376076e-06,1.0,0.0010783610657349317,0.9926149868637849,0.005587292143715709,0.0007193599267645434,G,G,G,1.0,0.9972796517954298,0.9994562262098966,0.9977997799779978,0.9908355795148248,0.9924446842957367,0.0,False
U,3,1.0,0.11111111111111112,0.024691358024691367,0.006102734316411871,1.314996174254201e-05,1.0,0.004858953221884509,0.0012437810945273632,0.008574430276219666,0.9853228354073685,U,U,U,0.0,0.33333333333333337,0.0,0.0030241935483870967,0.011194029850746268,0.00408997955010225,0.4906209849563019,False
C,3,1.0,0.4222222222222222,0.08987654320987654,0.009078134042693567,2.5182945802763396e-05,1.0,0.003780838798920674,0.005297295243772895,0.982916413351825,0.008005452605481536,C,C,C,0.0,0.6,0.6666666666666666,0.0020512820512820513,0.013452914798206279,0.011730205278592375,0.441692890110973,False
A,3,1.0,0.01186324968563767,2.3864677199279236e-06,0.988675882751633,4.2634563052710846e-06,1.0,0.9769501590775631,0.011725723674069877,0.0,0.011324117248367063,A,A,A,0.009720534629404618,0.01256544502617801,0.013303769401330377,0.9915662650602409,0.9875904860392968,0.986870897155361,0.5286282695026862,False
U,3,1.0,0.6755368814192343,0.0038738807069668806,0.031504427357445734,5.362036425244681e-05,1.0,0.010473694883143703,0.021030732474302028,0.012250929048829311,0.956244643593725,U,U,U,0.6470588235294117,0.6176470588235294,0.7619047619047619,0.025185185185185185,0.04176904176904177,0.027559055118110236,0.20478132948579597,False
G,3,1.0,0.9977997525138598,2.4344503044221324e-07,0.9945425664806212,1.4270775180497636e-06,1.0,0.002188582481190235,0.9923539839994312,0.0027308041969014095,0.0027266293224772983,G,G,G,0.9971574758385446,0.9983570646221248,0.9978847170809095,0.9949095022624435,0.9929309407286568,0.9957872564507636,0.0,False
G,3,1.0,0.9982212735681252,6.327735438899744e-06,0.9967555137202568,6.755242388600825e-06,1.0,0.0017674089784376105,0.9949881047418193,0.0010604453870625664,0.002184040892680544,G,G,G,1.0,0.9946638207043758,1.0,1.0,0.9936373276776246,0.996629213483146,0.0,False
U,3,1.0,0.3194444444444444,0.023533950617283948,0.006831990218799488,2.6817995814327398e-06,1.0,0.0048974765908812255,0.0019345136279182624,0.00335789779640047,0.9898101119848001,U,U,U,0.5,0.125,0.3333333333333333,0.004722550177095631,0.008714596949891068,0.007058823529411764,0.46707875206978255,False
G,3,1.0,1.0,0.0,0.9889997350750157,5.115491288939426e-06,1.0,0.0,0.9889997350750157,0.004054187154467417,0.006946077770516833,G,G,G,1.0,1.0,1.0,0.9906928645294726,0.9858030168589175,0.9905033238366572,0.0,False
A,3,1.0,0.0015962098054118651,5.093403711932131e-07,0.9935965150937,6.123663797070779e-06,1.0,0.9920095429762451,0.00158697211745488,0.0,0.0064034849063000525,A,A,A,0.0024813895781637717,0.0007336757153338225,0.0015735641227380016,0.9967023907666942,0.9934402332361516,0.9906469212782542,0.6828374097069504,False
U,3,1.0,0.7600308641975309,0.030293829065691207,0.023026672489039793,1.1723739439956942e-05,1.0,0.005715149633596575,0.017311522855443216,0.00654083714639053,0.9704324903645697,U,U,U,0.6875,0.5925925925925926,1.0,0.01909307875894988,0.027439024390243906,0.02254791431792559,0.24834744872629289,False
C,3,1.0,0.22407407407407406,0.03375171467764059,0.015627254235317523,1.8441354919025144e-05,1.0,0.011853526166903916,0.0037737280684136056,0.976685187163552,0.007687558601130386,C,C,C,0.0,0.44999999999999996,0.22222222222222224,0.016706443914081145,0.020263424518743668,0.009911894273127754,0.4482730571232738,False
A,3,1.0,0.0068548606156004456,2.0567138724829783e-06,0.9772595527292295,3.903678341796152e-05,1.0,0.9705540192698052,0.006705533459424192,0.004281812520371589,0.01845863475039891,A,A,A,0.008645533141210374,0.0051347881899871635,0.0067842605156037995,0.9857954545454546,0.9749687108886107,0.9710144927536232,0.6043310041495993,False
A,3,1.0,0.021466564043154775,5.425197691829898e-07,0.9844621524825721,2.7798431168041965e-05,1.0,0.9633320519521021,0.021130100530469927,0.003169053437951517,0.01236879407947642,A,A,A,0.02046783625730994,0.022222222222222223,0.02170963364993216,0.9884393063583815,0.9770114942528736,0.9879356568364611,0.38117347554755143,False
A,3,1.0,0.00999328674249896,2.2726765953988154e-07,0.9786322495777169,1.2602180333063472e-05,1.0,0.968850894299182,0.009781355278534918,0.007012437623179701,0.01435531279910327,A,A,A,0.010568031704095112,0.010011123470522803,0.009400705052878967,0.9818417639429312,0.9803707742639041,0.9736842105263157,0.557040711904806,False
C,3,1.0,0.24141414141414144,0.011511070298949086,0.01085578829918197,1.3625879848365815e-06,1.0,0.00836022378651465,0.0024955645126673205,0.9830115898100816,0.006132621890736399,C,C,C,0.09090909090909091,0.30000000000000004,0.3333333333333333,0.012485811577752554,0.01026694045174538,0.009814612868047983,0.46105746751702037,False
G,3,1.0,0.9661825980392157,9.04707624471353e-06,0.9758432134874869,3.91177790868261e-06,1.0,0.03299506358843441,0.9428481498990525,0.01114007576718438,0.01301671074532868,G,G,G,0.9632352941176471,0.9703125,0.9650000000000001,0.974910394265233,0.9785932721712538,0.974025974025974,0.0,False
C,3,1.0,0.7777777777777778,0.09876543209876543,0.006019458976735253,9.536063256268916e-06,1.0,0.0023048112935753384,0.0037146476831599142,0.989124504039899,0.0048560369833656565,C,C,C,0.33333333333333337,1.0,1.0,0.010371650821089023,0.004156275976724855,0.00353045013239188,0.42782788262808835,False
C,3,1.0,0.07641831852358168,0.0002874021566686244,0.02417594923088211,0.00014657621519278347,1.0,0.022299128134672136,0.0018768210962099758,0.9703486454912985,0.005475405277819401,C,C,C,0.08571428571428572,0.05263157894736842,0.09090909090909091,0.04074505238649592,0.01962809917355372,0.012154696132596685,0.4760898679817741,False
C,3,1.0,0.06630824372759857,0.005209336981796225,0.026136124077203917,0.00019999874632784323,1.0,0.02439358644593559,0.0017425376312683288,0.9617469347564627,0.012116941166333347,C,C,C,0.03225806451612903,0.16666666666666666,0.0,0.04492753623188406,0.02267002518891688,0.010810810810810811,0.4783157075857648,False
C,3,1.0,0.3290663935825226,0.025979407234603267,0.02449924707299073,0.0001431789760332452,1.0,0.018130682644621334,0.006368564428369398,0.973616508039984,0.0018842448870252393,C,C,C,0.1935483870967742,0.2380952380952381,0.5555555555555556,0.03984575835475578,0.023001095290251915,0.010650887573964497,0.3799629106423943,False
G,3,1.0,0.9867396566188752,3.5092994118519064e-06,0.9829989845168324,8.209452132158341e-06,1.0,0.013039959518969442,0.969959024997863,0.013033698722992348,0.0039673167601752424,G,G,G,0.9847457627118643,0.9862258953168044,0.989247311827957,0.984974958263773,0.9850746268656717,0.9789473684210527,0.0,False
G,3,1.0,0.9929062325340823,3.0111489998433505e-05,0.9886412132542547,1.9221694368185084e-06,1.0,0.007016521259526675,0.9816246919947281,0.0038918614979084297,0.0074669252478368,G,G,G,1.0,0.9866342648845686,0.9920844327176781,0.9885714285714285,0.9903730445246691,0.9869791666666666,0.0,False
C,3,1.0,0.29074074074074074,0.006097393689986286,0.009527751154482879,9.175543860158699e-07,1.0,0.00668583543899393,0.0028419157154889484,0.9869623304580175,0.0035099183874996373,C,C,C,0.4,0.22222222222222218,0.25,0.010869565217391304,0.009018036072144289,0.008695652173913044,0.458427128290825,False
A,3,1.0,0.010250101431376595,2.4054294335550715e-06,0.9791193306479178,1.8767304249784554e-05,1.0,0.9690875686977086,0.010031761950209224,0.013652811175475824,0.007227858176606282,A,A,A,0.008445945945945945,0.010071942446043166,0.012232415902140675,0.9850249584026622,0.9747545582047685,0.9775784753363228,0.5531393064895663,False
G,3,1.0,0.9912621631086517,1.9550730748751885e-07,0.9946361802513525,1.5339553005434725e-05,1.0,0.00868941694099432,0.9859467633103582,0.005363819748647439,0.0,G,G,G,0.9917355371900827,0.9913793103448276,0.9906716417910447,1.0,0.9931506849315068,0.9907578558225508,0.0,False
G,3,1.0,0.9974133607853073,2.1331830619919315e-06,0.9959125018261398,2.8423304591799046e-06,1.0,0.002578497943113907,0.9933340038830257,0.001691414004274157,0.002396084169586209,G,G,G,0.9959541469993257,0.9994089834515366,0.9968769519050593,0.9973100201748487,0.9935408103347035,0.9968866749688667,0.0,False
A,3,1.0,0.0,0.0,0.9877115725705076,1.0652408452387717e-05,1.0,0.9877115725705076,0.0,0.0,0.012288427429492344,A,A,A,0.0,0.0,0.0,0.991822429906542,0.9838383838383838,0.9874739039665971,0.7037394551169781,False
A,3,1.0,0.02533427632241862,0.00011698853321361151,0.9894991514811626,2.3459713347974424e-05,1.0,0.9644723348031183,0.025026816678044184,0.0,0.010500848518837405,A,A,A,0.020070838252656435,0.015527950310559006,0.04040404040404041,0.9952996474735605,0.9897540983606558,0.9834437086092715,0.32444242646861077,False
G,3,1.0,0.9822429617960111,6.844245354626093e-06,0.9841478173424442,3.346210663051915e-05,1.0,0.01746649330034302,0.9666813240421012,0.007857995792399774,0.007994186865156072,G,G,G,0.9830148619957537,0.9787234042553191,0.9849906191369606,0.991578947368421,0.977469670710572,0.9833948339483395,0.0,False
U,3,1.0,0.3724989357173265,0.0010812278297096965,0.022158921586573583,1.1818021387880442e-05,1.0,0.013799150374908295,0.00835977121166529,0.005114007710320597,0.9727270707031058,U,U,U,0.3703703703703704,0.33333333333333337,0.41379310344827586,0.023684210526315787,0.01739850869925435,0.025394045534150613,0.37658898701754884,False
G,3,1.0,0.9970615885668371,4.414208253801519e-07,0.9813286200813865,1.0280946261202488e-05,1.0,0.0028815339917156717,0.9784470860896709,0.007572215350074169,0.011099164568539299,G,G,G,0.9978189749182115,0.9962013295346629,0.997164461247637,0.9839055793991417,0.9768089053803339,0.983271375464684,0.0,False
A,3,1.0,0.09758021434632579,0.00568773874891369,0.9868835375642789,2.6272355920439638e-05,1.0,0.8907883059512881,0.09609523161299079,0.002320185614849188,0.010796276820871873,A,A,A,0.0729559748427673,0.020021074815595365,0.19976359338061467,0.99375,0.9854620976116303,0.9814385150812065,0.0005301692047703366,True
A,3,1.0,0.011361245059169847,4.607684594134182e-06,0.986134313067876,3.7523352338445854e-05,1.0,0.9749174799233705,0.011216833144505535,0.0003192848020434227,0.013546402130080529,A,A,A,0.01425438596491228,0.01071080817916261,0.009118541033434652,0.994547437295529,0.9837164750957854,0.9801390268123138,0.5363398514801672,False
A,3,1.0,0.021094166222946315,1.1842938006227817e-05,0.9838867623032561,3.6905373206654633e-06,1.0,0.9631374131024278,0.020749349200828233,0.00045787545787545793,0.015655362238868487,A,A,A,0.016736401673640166,0.021396396396396396,0.025149700598802394,0.9848901098901099,0.9855715871254163,0.9811985898942421,0.3867758499265582,False
A,3,1.0,0.013230513469883444,1.8179774332324622e-05,0.983332551183036,1.9761071934020538e-05,1.0,0.9703041941389875,0.013028357044048576,0.003974418294035005,0.012693030522928967,A,A,A,0.018779342723004695,0.008412197686645636,0.012499999999999999,0.9895470383275261,0.9794026776519053,0.9810479375696767,0.5072838954814683,False
G,3,1.0,0.9887586649356911,4.923218237197296e-05,0.9677180796943164,2.8564109816502466e-05,1.0,0.01091086642327718,0.9568072132710391,0.019895934087124135,0.012385986218559498,G,G,G,0.9788359788359788,0.9937791601866253,0.9936608557844692,0.9742268041237114,0.9611360239162929,0.9677914110429447,0.0,False
C,3,1.0,0.26016042780748666,0.008183295680936448,0.020399074341502375,5.207585457374517e-06,1.0,0.01527006692838983,0.005129007413112545,0.9782659235725569,0.0013350020859407591,C,C,C,0.13636363636363635,0.35,0.29411764705882354,0.023504273504273504,0.0196078431372549,0.018085106382978722,0.4211924980159204,False
U,3,1.0,0.2153032153032153,0.02813355112907413,0.017803172620115975,5.393182587421399e-05,1.0,0.015002733518598795,0.0028004391015171797,0.007113680205591254,0.9750831471742928,U,U,U,0.04761904761904762,0.15384615384615385,0.4444444444444445,0.027962716378162448,0.014590347923681257,0.01085645355850422,0.44355798417108305,False
G,3,1.0,0.9976258309591642,1.127335726892564e-05,0.9776640854061691,1.3444763388937478e-06,1.0,0.002321262766945218,0.9753428226392241,0.013132813143652187,0.009203101450178606,G,G,G,0.9928774928774928,1.0,1.0,0.9777158774373259,0.976218787158145,0.9790575916230366,0.0,False
A,3,1.0,0.002215704952045341,2.45510447274091e-06,0.9905414112009475,2.462895278699021e-06,1.0,0.9883490017104748,0.0021924094904727876,0.0008841732979664014,0.00857441550108601,A,A,A,0.0033489618218352315,0.0,0.0032981530343007917,0.9900530503978779,0.9926605504587156,0.9889106327462491,0.6736144047461401,False
G,3,1.0,0.9655055709611391,2.303562439942963e-05,0.9700932071575031,2.6351242045616747e-05,1.0,0.033461707843820666,0.9366314993136825,0.01682068225697259,0.013086110585524247,G,G,G,0.9711286089238845,0.9594017094017093,0.9659863945578231,0.9744245524296675,0.972972972972973,0.962882096069869,0.0,False
G,3,1.0,0.9911326515006392,1.7267936449950695e-06,0.9789269101155722,2.7175903384363837e-06,1.0,0.008678758264662443,0.9702481518509098,0.012483263627203334,0.008589826257224493,G,G,G,0.9923371647509579,0.9917559769167353,0.9893048128342246,0.981203007518797,0.978225806451613,0.9773519163763067,0.0,False
C,3,1.0,0.6414141414141414,0.05606570758085908,0.019002274332414342,2.3816698102375827e-05,1.0,0.007779925359939873,0.011222348972474469,0.9756557196328819,0.005342006034703741,C,C,C,0.33333333333333337,0.6818181818181818,0.9090909090909091,0.02282608695652174,0.022066198595787363,0.012114537444933921,0.31854881989052397,False
C,3,1.0,0.14650339714278335,0.007379202004532501,0.0308569202054179,0.00011429258111749794,1.0,0.027251259105091925,0.0036056611003259724,0.9667032242019694,0.0024398555926125804,C,C,C,0.0303030303030303,0.17391304347826086,0.23529411764705882,0.04564315352697096,0.026195899772209565,0.020731707317073172,0.4356234038378255,False
G,3,1.0,0.9862365135517953,3.1835544820135446e-06,0.9754739747087474,7.827569605717102e-06,1.0,0.013420934906843257,0.962053039801904,0.020093440278241583,0.004432585013011071,G,G,G,0.9874739039665971,0.9837133550488599,0.9875222816399287,0.9775510204081633,0.9715189873417721,0.9773519163763066,0.0,False
A,3,1.0,0.004361962807126046,8.61683824022016e-06,0.9817875558340065,1.295775994983307e-05,1.0,0.9774944715182702,0.004293084315736158,0.00823980656294091,0.009972637603052783,A,A,A,0.008389261744966445,0.0014760147601476014,0.00322061191626409,0.9867549668874172,0.9783393501805054,0.9802683504340963,0.64154800172735,False
C,3,1.0,0.2887542087542087,0.01268391207246426,0.023274198257397183,2.9726259177285322e-05,1.0,0.016411488773719958,0.006862709483677225,0.9727632538452431,0.003962547897359725,C,C,C,0.1818181818181818,0.24,0.4444444444444444,0.01651651651651652,0.02986857825567503,0.0234375,0.40006054056927953,False
C,3,1.0,0.029113355780022446,4.908443456890896e-05,0.05096743313465507,0.0003217731404947328,1.0,0.049603379028263235,0.0013640541063918337,0.9394524525584774,0.009580114306867506,C,C,C,0.02,0.0303030303030303,0.03703703703703704,0.07621951219512195,0.04044117647058824,0.03624161073825503,0.4876067737358658,False
C,3,1.0,0.07692307692307693,0.011834319526627222,0.027744752847231616,0.00014785961240022796,1.0,0.02561028112898188,0.0021344717182497333,0.9710381754236717,0.0012170717290967473,C,C,C,0.0,0.23076923076923078,0.0,0.04263565891472868,0.02774813233724653,0.012850467289719626,0.4723450738223651,False
U,3,1.0,0.22008547008547008,0.0669606983709548,0.012242057805378292,4.0163758062901055e-05,1.0,0.009027104321896342,0.003214953483481948,0.015951258992420857,0.9718066832022009,U,U,U,0.07692307692307691,0.5833333333333334,0.0,0.018950437317784258,0.014035087719298246,0.003740648379052369,0.46020069155296794,False
C,3,1.0,0.2880952380952381,0.023140589569161,0.019108674326472546,1.9585536160761093e-05,1.0,0.013900999077611687,0.0052076752488608566,0.9731614468883611,0.007729878785166296,C,C,C,0.15,0.21428571428571427,0.5,0.02518891687657431,0.014783526927138333,0.01735357917570499,0.41785758009157625,False
A,3,1.0,0.011402491612863302,3.120776237347574e-07,0.9702059163482183,2.8062321177801775e-05,1.0,0.9591457432368619,0.011060173111356502,0.012571580678427237,0.017222502973354367,A,A,A,0.010638297872340427,0.011611030478955007,0.011958146487294468,0.9774696707105719,0.9649859943977591,0.9681620839363242,0.5351255408983757,False
G,3,1.0,0.9808011616312647,3.2527296287892277e-06,0.9559723792718561,1.563751044559574e-05,1.0,0.01835942010408258,0.9376129591677733,0.04219944430286663,0.0018281764252773525,G,G,G,0.9822695035460993,0.9782608695652174,0.9818731117824773,0.9559322033898304,0.9608355091383812,0.9511494252873564,0.0,False
G,3,1.0,0.9949560251205253,5.186705215225649e-07,0.9914772391384682,7.988131299229113e-07,1.0,0.005000789105927061,0.986476450032541,0.004239742546437915,0.004283018315093948,G,G,G,0.9948688711516533,0.9941207910208445,0.9958784131890778,0.9926428975664969,0.9904711487559555,0.991317671092952,0.0,False
C,3,1.0,0.7888888888888889,0.044691358024691354,0.011260714796759162,1.8031082597434887e-05,1.0,0.0029169249009727573,0.008343789895786402,0.9831402640043666,0.005599021198874138,C,C,C,0.5,0.8666666666666666,1.0,0.013513513513513514,0.014955134596211367,0.005313496280552604,0.36495500019071736,False
C,3,1.0,0.20209339774557167,0.02532277429007808,0.024498325962473127,5.5037458750929824e-05,1.0,0.019045853547167525,0.005452472415305602,0.9664163267592124,0.009085347278314367,C,C,C,0.21739130434782608,0.0,0.3888888888888889,0.03427719821162444,0.016317016317016316,0.022900763358778626,0.4275797700574586,False
A,3,1.0,0.010631117251234503,1.4672901208914402e-05,0.9743653273309593,2.03842581062182e-05,1.0,0.9639918694246496,0.010373457906309738,0.010014757263518186,0.015619915405522553,A,A,A,0.01595744680851064,0.007112375533428165,0.008823529411764704,0.9791666666666666,0.9683195592286502,0.9756097560975611,0.5470711663734407,False
U,3,1.0,0.10683760683760683,0.005734531375557017,0.013152763121141274,1.3724462185985874e-05,1.0,0.011849037567431225,0.001303725553710047,0.01882692913581378,0.9680203077430449,U,U,U,0.0,0.15384615384615385,0.16666666666666666,0.014705882352941176,0.016709511568123392,0.00804289544235925,0.4806786943265676,False
U,3,1.0,0.1111111111111111,0.024691358024691357,0.014229176497509365,3.842336607501728e-06,1.0,0.012532823656118354,0.0016963528413910095,0.009473233760934468,0.9762975897415561,U,U,U,0.0,0.3333333333333333,0.0,0.01593625498007968,0.015267175572519085,0.011484098939929329,0.47814075982796767,False
C,3,1.0,0.0,0.0,0.007920571908190498,4.2049749619157224e-05,1.0,0.007920571908190498,0.0,0.9788055278913749,0.013273900200434674,C,C,C,0.0,0.0,0.0,0.01694915254237288,0.0047984644913627635,0.002014098690835851,0.5017121430972403,False
C,3,1.0,0.10139860139860139,0.008908341076173243,0.04142413514711105,0.00017625831113515813,1.0,0.038243765850956214,0.0031803692961548404,0.9454815709971985,0.013094293855690458,C,C,C,0.0,0.07692307692307693,0.22727272727272727,0.060126582278481014,0.03350515463917526,0.03064066852367688,0.44287605784216055,False
C,3,1.0,0.0,0.0,0.032636664643185605,5.685474273699393e-05,1.0,0.032636664643185605,0.0,0.9619119830824158,0.005451352274398649,C,C,C,0.0,0.0,0.0,0.04326123128119801,0.028112449799196786,0.02653631284916201,0.507054528380863,False
A,3,1.0,0.0035524086177680953,1.0109705381625173e-05,0.9798785001642235,7.192770788449789e-05,1.0,0.9764098544516534,0.0034686457125700162,0.008677089284206437,0.011444410551570083,A,A,A,0.0,0.0029411764705882357,0.00771604938271605,0.9907407407407407,0.9700427960057061,0.9788519637462235,0.65293949515693,False
A,3,1.0,0.010583740135179952,1.0893562028779379e-05,0.9859543310988826,2.0959768316836545e-06,1.0,0.9755144774418311,0.01043985365705158,0.005273131959566355,0.008772536941551027,A,A,A,0.015220700152207,0.008728179551122194,0.007802340702210663,0.98796992481203,0.9852579852579852,0.9846350832266325,0.548360071846484,False
G,3,1.0,1.0,0.0,0.9717907909213452,0.00010376407265001406,1.0,0.0,0.9717907909213452,0.016551429746035275,0.01165777933261952,G,G,G,1.0,1.0,1.0,0.9847094801223242,0.9708520179372198,0.9598108747044918,0.0,False
A,3,1.0,0.0,0.0,0.9879464675769946,2.6977011036186257e-05,1.0,0.9879464675769946,0.0,0.0,0.012053532423005464,A,A,A,0.0,0.0,0.0,0.9950544015825915,0.985996705107084,0.9827882960413081,0.7037834546024132,False
A,3,1.0,0.006580663449457517,2.140203885816743e-06,0.9867588809411432,2.93674424350164e-05,1.0,0.980273032977177,0.006485847963966163,0.0025348542458808617,0.01070626481297593,A,A,A,0.004518072289156626,0.007471980074719801,0.007751937984496125,0.9940119760479041,0.9852760736196319,0.9809885931558935,0.6094348674362249,False
A,3,1.0,0.011098612717382711,1.5871855024543194e-06,0.9746591318737257,2.5875434890247324e-06,1.0,0.9638402002124445,0.010818931661281164,0.01141729536789861,0.01392357275837569,A,A,A,0.0125,0.011350737797956867,0.009445100354191265,0.9769335142469471,0.9734806629834254,0.9735632183908045,0.5399387681457358,False
C,3,1.0,0.20060331825037703,0.02015155754841674,0.015336852863242746,2.9449997035326135e-05,1.0,0.011536052253049113,0.003800800610193633,0.9763928500150362,0.008270297121721183,C,C,C,0.0,0.2941176470588235,0.30769230769230765,0.008025682182985553,0.021013597033374538,0.016971279373368148,0.4548676455293573,False
G,3,1.0,0.9716454433702784,6.372319846691896e-06,0.9835361651769808,4.0351200211717844e-05,1.0,0.027898431387521887,0.9556377337894588,0.009506042966193196,0.006957791856826097,G,G,G,0.9729166666666667,0.9738988580750407,0.9681208053691276,0.9876543209876544,0.9745627980922099,0.9883913764510779,0.0,False
G,3,1.0,0.9979014642926639,5.1591344692749036e-06,0.9923159125045283,3.868306030100686e-05,1.0,0.0020848416835601894,0.9902310708209682,0.004118023182791547,0.0035660643126801585,G,G,G,0.9989583333333333,0.9947460595446586,1.0,1.0,0.9921807124239791,0.9847670250896058,0.0,False
G,3,1.0,0.9987745095825501,4.02849690056424e-07,0.9935767757692631,2.0812525507986658e-05,1.0,0.001216564878555984,0.9923602108907069,0.005238660446181172,0.0011845637845558513,G,G,G,0.9991783073130649,0.9978783592644979,0.999266862170088,1.0,0.9908899789768746,0.9898403483309144,0.0,False
G,3,1.0,0.9958260675531129,3.129019426906728e-06,0.9871277013352712,6.709090689691646e-05,1.0,0.004110516339133919,0.9830171849961373,0.007490157491459635,0.0053821411732691985,G,G,G,0.9973154362416108,0.996822033898305,0.9933407325194229,0.9986595174262735,0.9823100936524454,0.9804134929270947,0.0,False
C,3,1.0,0.25,0.125,0.004208973565924986,5.4038455241400546e-06,1.0,0.0030113687755058244,0.0011976047904191617,0.9929804944642205,0.002810531969854454,C,C,C,0.0,0.0,0.75,0.006720430107526882,0.0011160714285714285,0.004790419161676647,0.484311110120237,False
C,3,1.0,0.11613876319758672,0.0039459106533900265,0.029299442294512947,5.815674434743418e-05,1.0,0.026142682120880584,0.0031567601736323682,0.9682799569410218,0.0024206007644653527,C,C,C,0.03846153846153846,0.19230769230769232,0.11764705882352941,0.03863298662704309,0.029312288613303268,0.01995305164319249,0.45275357539879724,False
G,3,1.0,0.9884412714908071,1.7750265303471603e-05,0.9669602087410306,0.00015455372115694445,1.0,0.011171993911719939,0.9557882148293108,0.019944553163731244,0.013095238095238096,G,G,G,0.993006993006993,0.9828431372549019,0.9894736842105263,0.9794520547945206,0.9714285714285715,0.95,0.0,False
A,3,1.0,0.0006568144499178981,8.628104432419023e-07,0.9912375934679303,6.500171746147738e-06,1.0,0.9905846388482763,0.000652954619653934,0.0,0.008762406532069692,A,A,A,0.0019704433497536944,0.0,0.0,0.9941234084231146,0.9879227053140096,0.9916666666666667,0.6954459266585412,False
A,3,1.0,0.0029314705931621356,5.004304744526864e-06,0.9867151138420319,4.939693956044539e-05,1.0,0.9838211350456768,0.0028939787963550463,0.0,0.013284886157968134,A,A,A,0.003367003367003367,0.0,0.00542740841248304,0.9966442953020135,0.9821428571428571,0.9813581890812251,0.662846702138151,False
A,3,1.0,0.009947668525420577,4.511012830703733e-06,0.9864931163911784,4.3492480590004555e-06,1.0,0.9766765577004178,0.00981655869076055,0.0028494712039015837,0.010657412404919965,A,A,A,0.01252236135957066,0.010000000000000002,0.007320644216691069,0.9893805309734514,0.9845288326300984,0.9855699855699855,0.5581983035723368,False
G,3,1.0,0.9906450345830247,4.589498601028844e-06,0.9705665547100035,1.8374096735350216e-05,1.0,0.009080719744935533,0.961485834965068,0.017062060030438943,0.012371385259557466,G,G,G,0.9922178988326849,0.9876160990712074,0.9921011058451817,0.9753320683111955,0.9714285714285714,0.9649390243902438,0.0,False
C,3,1.0,0.7169312169312169,0.042090087063632035,0.008851589572283854,1.8815147702463912e-06,1.0,0.0025694704418361414,0.0062821191304477135,0.9848662912972684,0.0062821191304477135,C,C,C,0.4285714285714286,0.8888888888888888,0.8333333333333334,0.009497964721845317,0.010112359550561799,0.006944444444444444,0.40276687172386894,False
C,3,1.0,0.020833333333333332,0.0008680555555555556,0.026709893491973766,0.0002544278879090076,1.0,0.026254520085780688,0.0004553734061930783,0.9657229445386596,0.0075671619693666045,C,C,C,0.0,0.0625,0.0,0.048214285714285716,0.02185792349726776,0.010057471264367816,0.4969937516955415,False
G,3,1.0,0.9743701865664826,1.202555466646292e-05,0.9784612721685043,1.2719368007803148e-05,1.0,0.02506613076661571,0.9533951414018885,0.010915777213145484,0.010622950618350361,G,G,G,0.9774436090225563,0.9695238095238096,0.9761431411530815,0.9827586206896552,0.974025974025974,0.9785992217898833,0.0,False
G,3,1.0,0.9976376741000123,8.749280234680153e-07,0.9938592974629303,8.140283035271227e-06,1.0,0.0023454660046780297,0.9915138314582523,0.004657635547623514,0.00148306698944611,G,G,G,0.9989047097480832,0.99667497921862,0.9973333333333334,0.9978142076502733,0.9925742574257426,0.9911894273127753,0.0,False
G,3,1.0,0.9966326728402722,3.187613126645709e-06,0.9942659694567549,6.0683664184575945e-06,1.0,0.003343817030564824,0.9909221524261902,0.004215021893830961,0.0015190086494139565,G,G,G,0.9990412272291467,0.9947722180731889,0.9960845732184809,0.997131931166348,0.9911176905995559,0.9945482866043613,0.0,False
G,3,1.0,0.9971521590689285,8.452144625120819e-06,0.9908621207802554,1.7420884704173333e-05,1.0,0.0028212309113173173,0.9880408898689379,0.003991702400377034,0.005146176819367722,G,G,G,0.9982964224872232,1.0,0.9931600547195623,0.9966044142614601,0.9868073878627969,0.9891745602165088,0.0,False
A,3,1.0,0.0018843110231949597,1.4272683970552313e-06,0.9904870997534271,5.986777403014013e-06,1.0,0.9886177940370339,0.0018693057163932305,0.0,0.009512900246572926,A,A,A,0.0035211267605633804,0.0007032348804500702,0.0014285714285714284,0.9938757655293088,0.9881862404447533,0.9893992932862191,0.6782723922969245,False
G,3,1.0,0.9816860257746919,8.586808421568247e-05,0.9892295569332251,2.073045461453003e-05,1.0,0.018077596362708198,0.9711519605705169,0.0036222905919862636,0.007148152474788655,G,G,G,0.993723849372385,0.9711815561959655,0.9801526717557252,0.9937629937629937,0.9830028328611897,0.9909228441754917,0.0,False
U,3,1.0,0.5146520146520146,0.005923868561231192,0.0164555233002716,6.9940592459637515e-06,1.0,0.00795535935607311,0.008500163944198488,0.0017219191070667647,0.9818225575926616,U,U,U,0.6153846153846153,0.4285714285714286,0.5,0.015587529976019185,0.013738959764474975,0.02004008016032064,0.372199556531015,False
G,3,1.0,0.9949167632807954,1.4762271993043182e-06,0.9891250877678699,1.7143000049607305e-06,1.0,0.005026725171943615,0.9840983625959264,0.0023841232563594802,0.008490788975770587,G,G,G,0.9963536918869645,0.9950142450142451,0.9933823529411765,0.9909665763324299,0.988036593947924,0.9883720930232558,0.0,False
U,3,1.0,0.9111111111111111,0.015802469135802476,0.017156108479316787,4.662343016791045e-06,1.0,0.0016625103906899418,0.015493598088626846,0.0037992625274420786,0.9790446289932411,U,U,U,1.0,0.7333333333333333,1.0,0.01866251944012442,0.018703241895261846,0.014102564102564103,0.2712867790602256,False
G,3,1.0,0.99665979786255,2.6997890353003203e-06,0.9883700554353102,5.612840989568593e-06,1.0,0.0032974901424542985,0.9850725652928558,0.004467638213161991,0.007162306351527838,G,G,G,0.9989561586638831,0.9952038369304557,0.9958193979933111,0.9917184265010353,0.9865930599369085,0.9867986798679867,0.0,False
G,3,1.0,0.994462114776217,1.3338301395422602e-05,0.9877619730058282,2.757833538946788e-06,1.0,0.005475756742638973,0.9822862162631893,0.004130817587238686,0.008107209406932965,G,G,G,0.9899856938483548,0.9989316239316239,0.9944690265486725,0.990084985835694,0.9863013698630136,0.9868995633187773,0.0,False
U,3,1.0,0.8917748917748919,0.006109330784655456,0.010261532981651103,4.5686148480331345e-06,1.0,0.001133876341075015,0.009127656640576088,0.004549980067802636,0.9851884869505464,U,U,U,1.0,0.8571428571428572,0.8181818181818182,0.01045751633986928,0.007551240560949299,0.012775842044134728,0.3607827033768771,False
G,3,1.0,0.9965863410881862,1.7294519552761685e-06,0.9893313271146944,1.1361132992636916e-05,1.0,0.0033743465002669215,0.9859569806144274,0.003986810418943211,0.00668186246636245,G,G,G,0.998001998001998,0.9948339483394835,0.9969230769230769,0.9940417080436942,0.987609329446064,0.9863429438543247,0.0,False
G,3,1.0,0.9916581853275832,1.153989402196995e-06,0.9817556059558491,2.3779995816405614e-05,1.0,0.008188866606786608,0.9735667393490625,0.012058069414981462,0.006186324629169466,G,G,G,0.9908972691807543,0.99317738791423,0.9908998988877654,0.9871630295250321,0.9827586206896551,0.9753451676528601,0.0,False
C,3,1.0,0.5282051282051282,0.010309007232084156,0.02032870620330069,6.601479328869774e-06,1.0,0.00934517992388638,0.01098352627941431,0.9762154032272251,0.0034558905694741723,C,C,C,0.3846153846153846,0.6,0.6,0.016905071521456438,0.020986358866736624,0.023094688221709007,0.33955802616253317,False
A,3,1.0,0.008129522125004583,1.3172315400023544e-05,0.9773662116072801,3.723749438617228e-06,1.0,0.9694139061195085,0.007952305487771606,0.00989441528124573,0.012739373111474175,A,A,A,0.006578947368421053,0.004667444574095682,0.013142174432497013,0.9759229534510433,0.9760820045558086,0.9800936768149883,0.5852448734202906,False
G,3,1.0,0.9875311251562371,5.954680517304122e-07,0.9615104207221276,3.898461530695915e-05,1.0,0.01199181524289169,0.9495186054792359,0.026052836536548597,0.012436742741323765,G,G,G,0.9864864864864865,0.9883268482490272,0.9877800407331976,0.9685863874345549,0.9625468164794008,0.9533980582524272,0.0,False
C,3,1.0,0.6984126984126985,0.05492567397329302,0.0069916016979013965,4.549680267471254e-06,1.0,0.002605795288722118,0.004385806409179277,0.9870457731458776,0.005962625156221045,C,C,C,0.42857142857142855,1.0,0.6666666666666666,0.009615384615384616,0.0043907793633369925,0.006968641114982578,0.42491370181416754,False
C,3,1.0,0.10714285714285714,0.0025510204081632642,0.03239859129189026,0.00015950287385570845,1.0,0.029540132611759293,0.002858458680130973,0.9615092799828929,0.006092128725216711,C,C,C,0.03571428571428571,0.14285714285714282,0.14285714285714285,0.049557522123893805,0.02811244979919679,0.019525801952580194,0.45234595417316004,False
G,3,1.0,0.97483012978588,2.822274525674169e-06,0.9690359875674522,1.939968978929768e-05,1.0,0.024397872697076255,0.9446381148703761,0.01433686633943733,0.016627146093110348,G,G,G,0.9745547073791349,0.9729241877256317,0.9770114942528735,0.9703703703703703,0.9736379613356767,0.96309963099631,0.0,False
C,3,1.0,0.6944444444444445,0.0756172839506173,0.0038577218107467524,1.2244939455840962e-06,1.0,0.0014003696116212771,0.0024573521991254755,0.9918882028311423,0.004254075358111001,C,C,C,0.3333333333333333,1.0,0.7500000000000001,0.004518072289156627,0.0022988505747126436,0.0047562425683709865,0.4586382409111579,False
U,3,1.0,0.6583124477861321,0.04087634848748157,0.027511449948246003,6.466320710860155e-05,1.0,0.011022077576297272,0.016489372371948734,0.007707240418605044,0.9647813096331489,U,U,U,0.380952380952381,0.736842105263158,0.8571428571428571,0.038321167883211674,0.025165562913907286,0.01904761904761905,0.24152639646554186,False
G,3,1.0,0.9942766060155974,2.94856102833834e-06,0.9731918139471136,5.399767922773789e-06,1.0,0.005566313006998111,0.9676255009401156,0.015783613088119614,0.011024572964766702,G,G,G,0.9965576592082617,0.9938574938574939,0.9924146649810367,0.9764705882352941,0.9713603818615751,0.9717444717444718,0.0,False
C,3,1.0,0.5,0.16666666666666666,0.0033836253937819497,3.8338814370350385e-06,1.0,0.0009376081512172348,0.002446017242564715,0.9925865637321274,0.004029810874090653,C,C,C,0.0,1.0,0.5,0.001579778830963665,0.006105006105006105,0.002466091245376079,0.47405555668526467,False
C,3,1.0,0.07234432234432235,0.0005976420811585647,0.03293700045644806,0.00018746433738385383,1.0,0.030835730032478567,0.0021012704239694886,0.9641498342774456,0.0029131652661064425,C,C,C,0.038461538461538464,0.09523809523809525,0.08333333333333333,0.050980392156862744,0.03,0.017830609212481426,0.46955247260170974,False
G,3,1.0,0.9714890724801587,1.0887072807555569e-05,0.9675849190045397,6.193923434855025e-05,1.0,0.02761260849862764,0.939972310505912,0.020829027181956946,0.011586053813503382,G,G,G,0.9677419354838709,0.970954356846473,0.9757709251101321,0.9770773638968482,0.9678714859437751,0.9578059071729959,0.0,False
C,3,1.0,0.75,0.125,0.00960162992683318,1.3620906126852503e-05,1.0,0.003703703703703704,0.005897926223129475,0.9870417297246566,0.003356640348510268,C,C,C,0.25,1.0,1.0,0.014814814814814815,0.006775067750677507,0.007215007215007215,0.3898880503133122,False
C,3,1.0,0.15231040564373896,0.004633250904385531,0.038580208595542835,9.462032925336532e-05,1.0,0.03314800739825089,0.00543220119729195,0.9550494474352832,0.00637034396917405,C,C,C,0.07407407407407407,0.24,0.14285714285714285,0.05202312138728324,0.0343878954607978,0.029329608938547486,0.41624775816902304,False
G,3,1.0,0.9810460762997247,1.9572410333577827e-05,0.9725439187799266,0.00010134350841475728,1.0,0.018436340581659445,0.9541075781982672,0.017718364922785442,0.009737716297287917,G,G,G,0.9784172661870504,0.9774436090225563,0.9872773536895675,0.9858156028368794,0.9614457831325302,0.9703703703703703,0.0,False
A,3,1.0,0.004146682002524248,5.241660083337546e-06,0.9900445266561476,3.959638560570567e-06,1.0,0.9859436731272003,0.004100853528947295,0.0021743508326864717,0.0077811225111659305,A,A,A,0.0023837902264600714,0.0026761819803746653,0.007380073800738007,0.991725768321513,0.991158267020336,0.9872495446265939,0.6458271813460239,False
G,3,1.0,0.9777889415808635,2.690123433380319e-05,0.9801082812631896,0.00011178021002725511,1.0,0.021736499893667858,0.9583717813695217,0.01520513408537511,0.0046865846514352666,G,G,G,0.9847328244274809,0.9722703639514731,0.9763636363636364,0.9924242424242424,0.9812925170068028,0.9666080843585236,0.0,False
G,3,1.0,0.9865221940445092,1.246961865569365e-05,0.985227659644137,1.3083854408350146e-05,1.0,0.013269817138287612,0.9719578425058494,0.011346375082966875,0.003425965272896144,G,G,G,0.9908116385911179,0.9865921787709497,0.9821627647714604,0.9864048338368581,0.988950276243094,0.980327868852459,0.0,False
C,3,1.0,0.40972752737458623,0.013879089149839164,0.01950019166622866,1.2591052114684504e-06,1.0,0.01162252120014289,0.007877670466085772,0.980087267079646,0.00041254125412541255,C,C,C,0.36363636363636365,0.2941176470588236,0.5714285714285715,0.019064124783362217,0.021039603960396037,0.018396846254927726,0.3800175223072422,False
C,3,1.0,0.017543859649122806,0.0006155740227762388,0.04006758822678424,0.0001428548912122653,1.0,0.039560231555044005,0.0005073566717402334,0.9599324117732158,0.0,C,C,C,0.0,0.0,0.05263157894736842,0.05664488017429194,0.03463855421686747,0.0289193302891933,0.4975699102017693,False
A,3,1.0,0.006928110248122916,1.4273414700705578e-05,0.980128990881679,4.609990591849163e-05,1.0,0.9733300749429782,0.006798915938700884,0.009596994005596155,0.01027401511272479,A,A,A,0.007874015748031496,0.011009174311926608,0.0019011406844106464,0.9896103896103896,0.9767025089605734,0.9740740740740741,0.6035362065870118,False
A,3,1.0,0.011092621354803356,9.399794839877152e-06,0.9888507760424269,4.904295908365455e-05,1.0,0.977867352323636,0.01098342371879082,0.0041781909684405665,0.006971032989132537,A,A,A,0.015086206896551725,0.0076335877862595426,0.010558069381598794,0.9978494623655914,0.9879336349924585,0.9807692307692307,0.5406113089273423,False
A,3,1.0,0.00822799718371172,5.507429296380189e-06,0.9889088618296582,7.365747696900015e-05,1.0,0.9807921368052587,0.008116725024399491,0.005823617044852933,0.005267521125488892,A,A,A,0.005063291139240506,0.00894454382826476,0.010676156583629894,1.0,0.9876325088339222,0.9790940766550523,0.5847347383727945,False
A,3,1.0,0.01652242325892253,1.2712710548302936e-05,0.9932288942772468,1.0432901843545605e-05,1.0,0.9768298625968717,0.016399031680375282,0.0005482456140350877,0.006222860108718046,A,A,A,0.01160092807424594,0.019933554817275746,0.018032786885245903,0.9976851851851852,0.9901315789473685,0.9918699186991871,0.4558585376233887,False
A,3,1.0,0.010705820410705438,5.25685416844029e-06,0.9896950448154117,6.086691055729979e-07,1.0,0.9790977620633914,0.010597282752020374,0.0020568424978586078,0.008248112686729621,A,A,A,0.00881057268722467,0.01393188854489164,0.009375,0.9891067538126361,0.99079754601227,0.9891808346213292,0.5466498418351842,False
G,3,1.0,0.9732747736995012,1.8981691687606788e-05,0.9869677551964974,1.8481297058617845e-05,1.0,0.026367885135882962,0.9605998700606144,0.012209199536012903,0.0008230452674897119,G,G,G,0.974820143884892,0.977667493796526,0.9673366834170855,0.9928571428571429,0.9853300733496333,0.9827160493827161,0.0,False
A,3,1.0,0.008979027283184208,4.077054716445052e-06,0.9904375833069565,2.466189465383037e-06,1.0,0.9815412484500202,0.008896334856936512,0.000978952520802741,0.00858346417224061,A,A,A,0.011834319526627219,0.0075187969924812035,0.007583965330444203,0.9926578560939794,0.9893730074388948,0.9892818863879957,0.5733589402068042,False
A,3,1.0,0.004530123137074251,3.171974222497891e-06,0.9821901635980609,2.425168593900974e-05,1.0,0.9777333485543452,0.004456815043715622,0.004138176016202525,0.013671660385736592,A,A,A,0.0020120724346076456,0.005738880918220947,0.00583941605839416,0.9764243614931237,0.9816901408450704,0.9884559884559885,0.6391605578869948,False
A,3,1.0,0.01622135729551599,2.5830319542957848e-05,0.984291505904196,1.330612512784401e-05,1.0,0.9683086026113125,0.015982903292883464,0.0059623542108670985,0.009746139884936977,A,A,A,0.022271714922048998,0.016556291390728478,0.009836065573770491,0.9868131868131869,0.9869281045751634,0.9791332263242376,0.4609046144002431,False
G,3,1.0,0.986504960556276,1.4711443804719488e-06,0.9635151805603628,3.993649602963982e-05,1.0,0.013004539524481483,0.9505106410358813,0.02718817631688049,0.009296643122756703,G,G,G,0.9857954545454546,0.9882121807465619,0.9855072463768116,0.9565217391304348,0.9621928166351607,0.9718309859154929,0.0,False
C,3,1.0,0.5328042328042327,0.01008874331625654,0.016906136683477162,9.817155899310015e-06,1.0,0.007966968131788363,0.008939168551688801,0.9770611311615237,0.006032732154999194,C,C,C,0.39999999999999997,0.6428571428571428,0.5555555555555555,0.019342359767891684,0.018893387314439947,0.012482662968099863,0.3642585318430338,False
C,3,1.0,0.0625,0.0078125,0.035661064970359056,0.00017825288448505535,1.0,0.03418396009591297,0.0014771048744460858,0.9576636448061792,0.006675290223461863,C,C,C,0.0,0.0,0.1875,0.054279749478079335,0.029069767441860465,0.023633677991137372,0.4725630632991301,False
G,3,1.0,0.9547880839545662,6.362976719122083e-06,0.9817765692884156,0.00012818440085071207,1.0,0.04441198406047205,0.9373645852279435,0.015553897726293694,0.0026695329852907176,G,G,G,0.9581881533101045,0.9540229885057472,0.9521531100478469,0.9663299663299664,0.9931506849315068,0.9858490566037735,0.0,False
U,3,1.0,0.7156862745098039,0.044021530180699736,0.026120037610030195,3.1720979563021674e-05,1.0,0.008601048074732285,0.017518989535297912,0.007209525093142588,0.9666704372968272,U,U,U,1.0,0.6470588235294117,0.5,0.018779342723004695,0.02711323763955343,0.032467532467532464,0.23416526468861598,False
G,3,1.0,0.990948637380891,2.0026228014132072e-05,0.9851068491276092,3.4973131356040414e-07,1.0,0.008918234399161585,0.9761886147284476,0.006359453242971061,0.008533697629419657,G,G,G,0.9968253968253967,0.9859762675296656,0.9900442477876107,0.984375,0.9851222104144527,0.9858233369683751,0.0,False
A,3,1.0,0.0011682556334061507,7.428131414565508e-07,0.9878973340950324,3.3394361791011376e-06,1.0,0.9867443298515514,0.0011530042434812215,0.002028397565922921,0.010074268339044502,A,A,A,0.002053388090349076,0.0,0.001451378809869376,0.9878296146044624,0.9901685393258427,0.9856938483547926,0.687805934099041,False
A,3,1.0,0.015116634669294415,3.340073948004426e-06,0.9916938358208562,2.967613747449114e-06,1.0,0.9767004136160811,0.014993422204775154,0.0,0.008306164179143757,A,A,A,0.017605633802816902,0.013268998793727383,0.014475271411338963,0.993006993006993,0.9892601431980906,0.9928143712574851,0.477844765891391,False
G,3,1.0,0.9750341598642268,5.626485368524913e-05,0.9842412330842311,2.175006947901904e-05,1.0,0.024599254865458244,0.9596419782187727,0.005561584889853582,0.010197182025915321,G,G,G,0.9856115107913669,0.969047619047619,0.9704433497536945,0.9788732394366197,0.9836065573770492,0.9902439024390244,0.0,False
G,3,1.0,0.9926811528883658,7.759427534760701e-07,0.9888136630627932,1.800218829925779e-06,1.0,0.007236560270442289,0.9815771027923509,0.006536771861869881,0.004649565075336963,G,G,G,0.9938042131350682,0.9925864909390445,0.991652754590985,0.9901840490797545,0.9869918699186991,0.9892650701899257,0.0,False
A,3,1.0,0.007544027206789077,8.433925049080839e-06,0.98807640992296,2.3603270462723157e-06,1.0,0.9806188581735458,0.007457551749414146,0.0,0.011923590077040053,A,A,A,0.011611030478955007,0.0050150451354062184,0.006006006006006006,0.9899425287356322,0.9881070366699702,0.9861796643632774,0.5950557921754872,False
G,3,1.0,0.9676364691314433,1.34625221212608e-05,0.9557064209911305,2.6661142427916183e-06,1.0,0.03092992420096241,0.924776496790168,0.01692202363941825,0.02737155536945139,G,G,G,0.9727626459143969,0.9657701711491442,0.9643765903307888,0.9553903345724907,0.9578454332552694,0.9538834951456311,0.0,False
U,3,1.0,0.34920634920634924,0.0035273368606701925,0.009893901050654949,2.1939245531301736e-06,1.0,0.006526245150287244,0.0033676559003677034,0.02112159189683004,0.968984507052515,U,U,U,0.2857142857142857,0.33333333333333337,0.42857142857142855,0.011627906976744186,0.010044642857142856,0.008009153318077803,0.44777404201265025,False
C,3,1.0,0.3125,0.09765625,0.006092256686039125,1.949568258899281e-05,1.0,0.00443553037722534,0.001656726308813784,0.9835985204097741,0.010309222904186705,C,C,C,0.0,0.625,,0.01032448377581121,0.007952286282306164,0.0,0.4713022397235087,False
U,3,1.0,0.04738562091503268,0.0012228202827972146,0.02220447557146985,9.736027903432505e-05,1.0,0.020812898145763467,0.0013915774257063813,0.016488475523468504,0.9613070489050616,U,U,U,0.08333333333333333,0.058823529411764705,0.0,0.030456852791878174,0.027823240589198037,0.008333333333333333,0.4881998909638978,False
U,3,1.0,0.17777777777777778,0.01876543209876543,0.01154403984904106,1.3533129557107825e-05,1.0,0.009449900650187396,0.0020941391988536667,0.020002490322226566,0.9684534698287325,U,U,U,0.0,0.3333333333333333,0.2,0.013207547169811321,0.0149812734082397,0.006443298969072165,0.4701416500965089,False
C,3,1.0,0.2238095238095238,0.06208616780045351,0.008547480979611813,3.361454742834533e-05,1.0,0.006613406514359706,0.0019340744652521066,0.9831141972016643,0.008338321818723932,C,C,C,0.09999999999999999,0.5714285714285714,0.0,0.016181229773462785,0.007322175732217573,0.0021390374331550803,0.47168718139005394,False
U,3,1.0,0.14177978883861236,0.004235967504532851,0.04272141451495081,0.0001553032262823779,1.0,0.03613671670897426,0.006584697805976547,0.015865629361232033,0.9414129561238171,U,U,U,0.11764705882352941,0.23076923076923078,0.07692307692307691,0.052631578947368425,0.050387596899224806,0.02514506769825919,0.4143334801463122,False
A,3,1.0,0.005942130644440729,1.865692782737602e-05,0.9810265501844689,6.744737444155679e-06,1.0,0.9751980638675835,0.005828486316885417,0.00544594966568909,0.013527500149841989,A,A,A,0.004454342984409799,0.0015552099533437014,0.011816838995568684,0.9846491228070176,0.9786910197869101,0.9797395079594791,0.6182956451679271,False
U,3,1.0,0.0,0.0,0.02380736249184751,6.286933916058424e-06,1.0,0.02380736249184751,0.0,0.01726410453374007,0.9589285329744124,U,U,U,0.0,0.0,0.0,0.022388059701492536,0.021702838063439065,0.027331189710610933,0.5051461695540681,False
C,3,1.0,0.36309523809523814,0.030683106575963726,0.017449933191536787,8.477568933585774e-05,1.0,0.012598949301927545,0.004850983889609239,0.9696950904737581,0.012854976334705087,C,C,C,0.14285714285714288,0.375,0.5714285714285715,0.03043478260869565,0.011799410029498525,0.010115606936416183,0.40472422851086176,False
C,3,1.0,0.2006172839506173,0.0012764822435604327,0.037415691601743385,0.0003890341175112237,1.0,0.03025430039024211,0.0071613912115012805,0.9469263885871925,0.015657919811064173,C,C,C,0.18518518518518517,0.16666666666666669,0.25,0.06474820143884892,0.02857142857142857,0.01892744479495268,0.39104234073715827,False
G,3,1.0,0.9691553403000025,9.529100125897583e-06,0.9708395733974706,3.918898607548094e-05,1.0,0.029942846614555128,0.9408967267829155,0.013272507491189217,0.015887919111340174,G,G,G,0.973384030418251,0.9661016949152542,0.9679802955665024,0.9740740740740741,0.9763593380614658,0.9620853080568721,0.0,False
A,3,1.0,0.011184157560279033,2.674294469614807e-05,0.9828305152369422,5.367196135894485e-06,1.0,0.9718443887450355,0.010986126491906514,0.0,0.017169484763058008,A,A,A,0.018292682926829267,0.006141248720573182,0.009118541033434652,0.9805680119581466,0.9819095477386935,0.986013986013986,0.5389524287841267,False
U,3,1.0,0.1626984126984127,0.013259007306626353,0.026547246642255346,6.0447432638253686e-05,1.0,0.021366371411875168,0.005180875230380181,0.013737037049867541,0.9597157163078771,U,U,U,0.25,0.23809523809523808,0.0,0.0297029702970297,0.03409090909090909,0.01584786053882726,0.4378420348918376,False
C,3,1.0,0.4329004329004329,0.04672888439122206,0.020184500923591007,3.411594360460272e-05,1.0,0.012561024135300893,0.007623476788290111,0.9721019900013491,0.00771350907505993,C,C,C,0.21428571428571427,0.35714285714285715,0.7272727272727273,0.02811244979919679,0.018229166666666668,0.014211886304909561,0.3689436524789328,False
U,3,1.0,0.5244444444444444,0.1145283950617284,0.02771707236650421,0.00022885120033426984,1.0,0.018286529150709205,0.009430543215795005,0.011879304643655405,0.9604036229898405,U,U,U,0.3333333333333333,0.24000000000000002,1.0,0.03768844221105528,0.03912363067292644,0.006339144215530904,0.2877761293477682,False
G,3,1.0,0.990358144237848,1.57918257398942e-05,0.9867238220109691,2.7098343673579246e-07,1.0,0.009515790213843743,0.9772080317971253,0.004736527517567344,0.00853965047146363,G,G,G,0.9959595959595959,0.9871630295250321,0.9879518072289157,0.9860557768924303,0.9873257287705958,0.9867899603698811,0.0,False
U,3,1.0,0.8353535353535353,0.01381287623711866,0.02916198696638532,6.828242216783637e-05,1.0,0.005768519446330996,0.023393467520054324,0.005000933840554795,0.9658370791930598,U,U,U,0.7333333333333334,0.7727272727272727,1.0,0.035460992907801414,0.03453689167974883,0.017488076311605722,0.1716471135507316,False
G,3,1.0,0.9865498712593325,3.0167405593711755e-05,0.9804274992589005,7.3421362523780335e-06,1.0,0.013184502802722353,0.9672429964561781,0.00877264635136397,0.010799854389735597,G,G,G,0.9881516587677726,0.9791666666666666,0.9923312883435583,0.9768518518518519,0.981021897810219,0.9834087481146304,0.0,False
C,3,1.0,0.3065998329156224,0.012568318596547057,0.031776232117152,8.280201850697226e-06,1.0,0.02181675339486221,0.00995947872228979,0.9676817624627939,0.0005420054200542005,C,C,C,0.4285714285714285,0.33333333333333337,0.15789473684210525,0.03580562659846548,0.029268292682926828,0.030254777070063694,0.35639619954021085,False
A,3,1.0,0.018591922327981805,4.491475064817574e-05,0.9747364728638589,1.0780498467740563e-05,1.0,0.9565925644062686,0.01814390845759038,0.01510912369783765,0.010154403438303317,A,A,A,0.025714285714285714,0.009615384615384616,0.020446096654275093,0.9776536312849162,0.9701492537313432,0.9764065335753176,0.42520668938940875,False
G,3,1.0,0.9464468411045711,0.0002224089889604952,0.9703062574944696,0.000274306768783057,1.0,0.05220178109073934,0.9181044764037303,0.028621931144329916,0.0010718113612004287,G,G,G,0.9543147208121827,0.9594594594594594,0.9255663430420712,0.9563106796116505,0.961038961038961,0.9935691318327975,0.0,False
G,3,1.0,0.9936312859660227,4.0067688221080477e-07,0.9916130857882131,2.429389929480543e-05,1.0,0.006317824994357072,0.9852952607938561,0.006865120931029571,0.0015217932807572382,G,G,G,0.9929078014184397,0.9935364727608496,0.9944495837187789,0.9985835694050991,0.9881386861313868,0.9881170018281535,0.0,False
A,3,1.0,0.00832830163608323,2.8109366782703467e-05,0.985791317851397,3.888369850197926e-05,1.0,0.9776112316499437,0.008180086201453189,0.0005482456140350877,0.013660436534567976,A,A,A,0.01515151515151515,0.0022246941045606233,0.0076086956521739125,0.9769736842105263,0.9900881057268722,0.9903121636167923,0.582945958108861,False
G,3,1.0,0.9594800737131047,0.00032278992651511596,0.97044440935331,0.00012509405976494431,1.0,0.03952326597380436,0.9309211433795057,0.003986485278607055,0.025569105368082823,G,G,G,0.9342723004694836,0.9748427672955975,0.9693251533742331,0.986111111111111,0.9607250755287009,0.9644970414201184,0.0,False
A,3,1.0,0.006940545493486893,2.0107319284796646e-05,0.9747118171130674,5.816377645692498e-06,1.0,0.9679559081698059,0.006755908943261359,0.011396501055812596,0.013891681831120094,A,A,A,0.013177159590043924,0.004816955684007707,0.002827521206409048,0.9715504978662873,0.9774011299435029,0.9751838235294118,0.6027920285417094,False
C,3,1.0,0.12254901960784315,0.003762014609765475,0.02724923101131832,8.884274149711955e-06,1.0,0.024071362027992357,0.0031778689833259627,0.9580993735384129,0.014651395450268686,C,C,C,0.2,0.05,0.11764705882352941,0.024813895781637715,0.031446540880503145,0.025487256371814093,0.45330741919348627,False
C,3,1.0,0.04853240337111305,0.0012234300278848467,0.06694297005192403,0.00031298237355735536,1.0,0.0634982462390246,0.0034447238128994385,0.9140861584442267,0.018970871503849327,C,C,C,0.08108108108108107,0.0,0.06451612903225806,0.09002433090024331,0.06376360808709176,0.04704097116843703,0.4632601462706192,False
G,3,1.0,0.9727472717799143,2.6708824148200862e-05,0.9437173433434656,4.4144215918201995e-05,1.0,0.02570545239343665,0.9180118909500289,0.044463025188643195,0.011819631467891214,G,G,G,0.9671052631578947,0.9715447154471544,0.979591836734694,0.9353846153846154,0.9516441005802708,0.9441233140655105,0.0,False
U,3,1.0,0.28571428571428575,0.002551020408163266,0.025866683738297074,5.919768841340488e-05,1.0,0.01808767684571756,0.007779006892579518,0.0389968497640095,0.9351364664976934,U,U,U,0.35714285714285715,0.25,0.25,0.03674540682414698,0.020618556701030927,0.02023608768971332,0.39039756052008723,False
A,3,1.0,0.0037169091542623264,4.032027741981372e-06,0.96360962777546,2.200221137739693e-05,1.0,0.9600190979465072,0.0035905298289528576,0.021441431418903256,0.014948940805636676,A,A,A,0.006198347107438017,0.0012804097311139564,0.0036719706242350062,0.968,0.9571078431372549,0.9657210401891252,0.6482017041045751,False
C,3,1.0,0.08271604938271605,0.003807346441091297,0.03619456674738823,4.072107274846287e-05,1.0,0.03298101719067926,0.003213549556708968,0.9353189671281091,0.02848646612450269,C,C,C,0.1,0.0,0.14814814814814814,0.029850746268656716,0.033807829181494664,0.04492512479201331,0.46064936947931745,False
U,3,1.0,0.020833333333333332,0.0008680555555555556,0.025159748755645143,9.820899300542887e-05,1.0,0.02438455495719553,0.0007751937984496124,0.05779540098478695,0.9170448502595678,U,U,U,0.0625,0.0,0.0,0.037209302325581395,0.025333333333333333,0.0129366106080207,0.4971682203548228,False
C,3,1.0,0.0,0.0,0.013258400335293382,0.00015343843130289522,1.0,0.013258400335293382,0.0,0.9672590128717861,0.019482586792920652,C,C,C,0.0,0.0,0.0,0.03046594982078853,0.007497656982193065,0.0018115942028985507,0.5028659739858168,False
C,3,1.0,0.027083333333333334,0.0004253472222222223,0.0731554159299427,0.00033785727904574837,1.0,0.0714299434765116,0.0017254724534310952,0.9039401420216221,0.02290444204843525,C,C,C,0.03125,0.0,0.05,0.0896358543417367,0.08232445520581114,0.047505938242280284,0.4845557600491138,False
C,3,1.0,0.40519480519480516,0.08074661269466463,0.07419558379427037,0.00041501000344924187,1.0,0.04844934715411934,0.025746236640151018,0.9024182887534157,0.023386127452314037,C,C,C,0.2727272727272727,0.14285714285714285,0.7999999999999999,0.09939759036144578,0.0736842105263158,0.04950495049504951,0.12531167378596764,False
C,1,0.3333333333333333,0.07142857142857142,0.0,0.11155378486055778,0.0,1.0,0.10358565737051793,0.00796812749003984,0.8764940239043825,0.01195219123505976,C,,,0.07142857142857142,,,0.11155378486055778,,,0.39947731895602734,False
A,3,1.0,0.017703566387310927,3.7197552209084866e-06,0.9640811536253503,0.0001325500501356176,1.0,0.9470316310205057,0.017049522604844432,0.013135969352000372,0.02278287702264946,A,A,A,0.019933554817275746,0.015228426395939085,0.017948717948717947,0.9585987261146497,0.9800995024875623,0.9535452322738387,0.4393346463593366,False
U,3,1.0,0.08275299579647405,0.0027794970143107194,0.10766812829073032,0.0007466385346761312,1.0,0.1001922156439073,0.007475912646823006,0.015441084319703084,0.8768907873895667,U,U,U,0.0909090909090909,0.014492753623188408,0.14285714285714285,0.10714285714285715,0.1413934426229508,0.07446808510638298,0.3843591441033982,False
C,3,1.0,0.024483378256963163,0.000300399025161269,0.06427891671053136,0.00020471979890636157,1.0,0.06267360168732582,0.0016053150232055438,0.9236790972377499,0.012041986051718787,C,C,C,0.0,0.03571428571428571,0.03773584905660377,0.06266318537859007,0.04761904761904762,0.08255451713395638,0.48906463516817644,False
A,3,1.0,0.015918811984475725,5.694062924856282e-05,0.967514414293433,9.776283276130946e-05,1.0,0.9520415839270487,0.015472830366384416,0.008729122822135206,0.02375646288443177,A,A,A,0.025830258302583023,0.007537688442211056,0.014388489208633094,0.9783393501805054,0.9544364508393285,0.969767441860465,0.4661685439232778,False
A,3,1.0,0.013214083111391071,2.9050016597301514e-05,0.9778582916890728,6.335460661093441e-06,1.0,0.9649305240123095,0.012927767676763326,0.000778816199376947,0.02136289211155022,A,A,A,0.020833333333333332,0.009592326139088728,0.009216589861751152,0.9795918367346939,0.9742990654205608,0.9796839729119639,0.5074968123077208,False
G,3,1.0,0.9614431440708785,0.00016702425492360855,0.9868892085544944,6.082561671124995e-05,1.0,0.03812862089581228,0.9487605876586821,0.003770739064856712,0.009340052380648901,G,G,G,0.9434628975265017,0.9675925925925926,0.9732739420935412,0.9964788732394366,0.9773755656108597,0.9868131868131869,0.0,False
A,3,1.0,0.007610684986921944,1.2081695212554498e-05,0.9878686320826179,1.5491572849358602e-06,1.0,0.9803460791209876,0.00752255296163009,0.0,0.012131367917382221,A,A,A,0.01228878648233487,0.003964321110009911,0.006578947368421052,0.9893617021276596,0.9863147605083089,0.9879294336118849,0.59402649603103,False
A,3,1.0,0.006351160294710809,8.548160851128886e-06,0.9894830793442108,1.6171269867373672e-06,1.0,0.9831955310392634,0.0062875483049474315,0.0004938271604938272,0.010023093495295338,A,A,A,0.01046337817638266,0.00392156862745098,0.004668534080298786,0.991111111111111,0.9893307468477206,0.9880073800738007,0.6131716221565118,False
